frame,event,state,gate_enabled,attempt,memory_remaining,ready_count,result_elapsed,kill_confirm_count,retry_delay_remaining,screen_x,screen_x_copy,raw_horizontal,normalized,baseline_pointer_hex,shot_pointer_hex,current_pointer_hex,last_pointer_hex,arm_ready,raw_detected,normalized_detected,auto_aim_detected,pointer_was_live,pointer_zero_now,pointer_transitioned_to_zero,changed_from_shot
2716,SAMPLE,IDLE,false,0,0,0,0,0,0,160.0,160.0,0.0,0.0,nil,nil,0x801FABDC,0x801FABDC,true,false,false,false,false,false,false,false
2718,SAMPLE,IDLE,false,0,0,0,0,0,0,160.0,160.0,0.0,0.0,nil,nil,0x801FABDC,0x801FABDC,true,false,false,false,false,false,false,false
2720,SAMPLE,IDLE,false,0,0,0,0,0,0,160.0,160.0,0.0,0.0,nil,nil,0x801FABDC,0x801FABDC,true,false,false,false,false,false,false,false
2722,SAMPLE,IDLE,false,0,0,0,0,0,0,160.0,160.0,0.0,0.0,nil,nil,0x801FABDC,0x801FABDC,true,false,false,false,false,false,false,false
2724,SAMPLE,IDLE,false,0,0,0,0,0,0,160.0,160.0,0.0,0.0,nil,nil,0x801FABDC,0x801FABDC,true,false,false,false,false,false,false,false
2726,SAMPLE,IDLE,false,0,0,0,0,0,0,160.0,160.0,0.0,0.0,nil,nil,0x801FABDC,0x801FABDC,true,false,false,false,false,false,false,false
2728,SAMPLE,IDLE,false,0,0,0,0,0,0,160.0,160.0,0.0,0.0,nil,nil,0x801FABDC,0x801FABDC,true,false,false,false,false,false,false,false
2730,SAMPLE,IDLE,false,0,0,0,0,0,0,160.0,160.0,0.0,0.0,nil,nil,0x801FABDC,0x801FABDC,true,false,false,false,false,false,false,false
2732,SAMPLE,IDLE,false,0,0,0,0,0,0,160.0,160.0,0.0,0.0,nil,nil,0x801FABDC,0x801FABDC,true,false,false,false,false,false,false,false
2734,SAMPLE,IDLE,false,0,0,0,0,0,0,160.0,160.0,0.0,0.0,nil,nil,0x801FABDC,0x801FABDC,true,false,false,false,false,false,false,false
2736,SAMPLE,IDLE,false,0,0,0,0,0,0,160.0,160.0,0.0,0.0,nil,nil,0x801FABDC,0x801FABDC,true,false,false,false,false,false,false,false
2738,SAMPLE,IDLE,false,0,0,0,0,0,0,160.0,160.0,0.0,0.0,nil,nil,0x801FABDC,0x801FABDC,true,false,false,false,false,false,false,false
2740,SAMPLE,IDLE,false,0,0,0,0,0,0,160.0,160.0,0.0,0.0,nil,nil,0x801FABDC,0x801FABDC,true,false,false,false,false,false,false,false
2742,SAMPLE,IDLE,false,0,0,0,0,0,0,160.0,160.0,0.0,0.0,nil,nil,0x801FABDC,0x801FABDC,true,false,false,false,false,false,false,false
2744,SAMPLE,IDLE,false,0,0,0,0,0,0,160.0,160.0,0.0,0.0,nil,nil,0x801FABDC,0x801FABDC,true,false,false,false,false,false,false,false
2746,SAMPLE,IDLE,false,0,0,0,0,0,0,160.0,160.0,0.0,0.0,nil,nil,0x801FABDC,0x801FABDC,true,false,false,false,false,false,false,false
2748,SAMPLE,IDLE,false,0,0,0,0,0,0,160.0,160.0,0.0,0.0,nil,nil,0x801FABDC,0x801FABDC,true,false,false,false,false,false,false,false
2750,SAMPLE,IDLE,false,0,0,0,0,0,0,160.0,160.0,0.0,0.0,nil,nil,0x801FABDC,0x801FABDC,true,false,false,false,false,false,false,false
2752,SAMPLE,IDLE,true,0,0,0,0,0,0,160.0,160.0,0.0,0.0,nil,nil,0x801FABDC,0x801FABDC,true,false,false,false,false,false,false,false
2754,SAMPLE,IDLE,true,0,0,0,0,0,0,160.0,160.0,0.0,0.0,nil,nil,0x801FABDC,0x801FABDC,true,false,false,false,false,false,false,false
2756,SAMPLE,IDLE,true,0,0,0,0,0,0,160.0,160.0,0.0,0.0,nil,nil,0x801FABDC,0x801FABDC,true,false,false,false,false,false,false,false
2758,SAMPLE,IDLE,true,0,0,0,0,0,0,160.0,160.0,0.0,0.0,nil,nil,0x801FABDC,0x801FABDC,true,false,false,false,false,false,false,false
2760,SAMPLE,IDLE,true,0,0,0,0,0,0,160.0,160.0,0.0,0.0,nil,nil,0x801FABDC,0x801FABDC,true,false,false,false,false,false,false,false
2762,SAMPLE,IDLE,true,0,0,0,0,0,0,160.0,160.0,0.0,0.0,nil,nil,0x801FABDC,0x801FABDC,true,false,false,false,false,false,false,false
2764,SAMPLE,IDLE,true,0,0,0,0,0,0,160.0,160.0,0.0,0.0,nil,nil,0x801FABDC,0x801FABDC,true,false,false,false,false,false,false,false
2766,SAMPLE,IDLE,true,0,0,0,0,0,0,160.0,160.0,0.0,0.0,nil,nil,0x801FABDC,0x801FABDC,true,false,false,false,false,false,false,false
2768,SAMPLE,IDLE,true,0,0,0,0,0,0,160.0,160.0,0.0,0.0,nil,nil,0x801FABDC,0x801FABDC,true,false,false,false,false,false,false,false
2770,SAMPLE,IDLE,true,0,0,0,0,0,0,160.0,160.0,0.0,0.0,nil,nil,0x801FABDC,0x801FABDC,true,false,false,false,false,false,false,false
2772,SAMPLE,IDLE,true,0,0,0,0,0,0,160.0,160.0,0.0,0.0,nil,nil,0x801FABDC,0x801FABDC,true,false,false,false,false,false,false,false
2774,SAMPLE,IDLE,true,0,0,0,0,0,0,160.0,160.0,0.0,0.0,nil,nil,0x801FABDC,0x801FABDC,true,false,false,false,false,false,false,false
2776,SAMPLE,IDLE,true,0,0,0,0,0,0,160.0,160.0,0.0,0.0,nil,nil,0x801FABDC,0x801FABDC,true,false,false,false,false,false,false,false
2778,SAMPLE,IDLE,true,0,0,0,0,0,0,160.0,160.0,0.0,0.0,nil,nil,0x801FABDC,0x801FABDC,true,false,false,false,false,false,false,false
2780,SAMPLE,IDLE,true,0,0,0,0,0,0,160.0,160.0,0.0,0.0,nil,nil,0x801FABDC,0x801FABDC,true,false,false,false,false,false,false,false
2782,SAMPLE,IDLE,true,0,0,0,0,0,0,160.0,160.0,0.0,0.0,nil,nil,0x801FABDC,0x801FABDC,true,false,false,false,false,false,false,false
2784,SAMPLE,IDLE,true,0,0,0,0,0,0,160.0,160.0,0.0,0.0,nil,nil,0x801FABDC,0x801FABDC,true,false,false,false,false,false,false,false
2786,SAMPLE,IDLE,true,0,0,0,0,0,0,160.0,160.0,0.0,0.0,nil,nil,0x801FABDC,0x801FABDC,true,false,false,false,false,false,false,false
2788,SAMPLE,IDLE,true,0,0,0,0,0,0,160.0,160.0,0.0,0.0,nil,nil,0x801FABDC,0x801FABDC,true,false,false,false,false,false,false,false
2790,SAMPLE,IDLE,true,0,0,0,0,0,0,160.0,160.0,0.0,0.0,nil,nil,0x801FABDC,0x801FABDC,true,false,false,false,false,false,false,false
2792,SAMPLE,IDLE,true,0,0,0,0,0,0,160.0,160.0,0.0,0.0,nil,nil,0x801FABDC,0x801FABDC,true,false,false,false,false,false,false,false
2794,SAMPLE,IDLE,true,0,0,0,0,0,0,160.0,160.0,0.0,0.0,nil,nil,0x801FABDC,0x801FABDC,true,false,false,false,false,false,false,false
2796,SAMPLE,IDLE,true,0,0,0,0,0,0,160.0,160.0,0.0,0.0,nil,nil,0x801FABDC,0x801FABDC,true,false,false,false,false,false,false,false
2798,SAMPLE,IDLE,true,0,0,0,0,0,0,160.0,160.0,0.0,0.0,nil,nil,0x801FABDC,0x801FABDC,true,false,false,false,false,false,false,false
2800,SAMPLE,IDLE,true,0,0,0,0,0,0,160.0,160.0,0.0,0.0,nil,nil,0x801FABDC,0x801FABDC,true,false,false,false,false,false,false,false
2802,SAMPLE,IDLE,true,0,0,0,0,0,0,160.0,160.0,0.0,0.0,nil,nil,0x801FABDC,0x801FABDC,true,false,false,false,false,false,false,false
2804,SAMPLE,IDLE,true,0,0,0,0,0,0,160.0,160.0,0.0,0.0,nil,nil,0x801FABDC,0x801FABDC,true,false,false,false,false,false,false,false
2806,SAMPLE,IDLE,true,0,0,0,0,0,0,160.0,160.0,0.0,0.0,nil,nil,0x801FABDC,0x801FABDC,true,false,false,false,false,false,false,false
2808,SAMPLE,IDLE,true,0,0,0,0,0,0,160.0,160.0,0.0,0.0,nil,nil,0x801FABDC,0x801FABDC,true,false,false,false,false,false,false,false
2810,SAMPLE,IDLE,true,0,0,0,0,0,0,160.0,160.0,0.0,0.0,nil,nil,0x801FABDC,0x801FABDC,true,false,false,false,false,false,false,false
2812,SAMPLE,IDLE,true,0,0,0,0,0,0,160.0,160.0,0.0,0.0,nil,nil,0x801FABDC,0x801FABDC,true,false,false,false,false,false,false,false
2814,SAMPLE,IDLE,true,0,0,0,0,0,0,160.0,160.0,0.0,0.0,nil,nil,0x801FABDC,0x801FABDC,true,false,false,false,false,false,false,false
2816,SAMPLE,IDLE,true,0,0,0,0,0,0,160.0,160.0,0.0,0.0,nil,nil,0x801FABDC,0x801FABDC,true,false,false,false,false,false,false,false
2818,SAMPLE,IDLE,true,0,0,0,0,0,0,160.0,160.0,0.0,0.0,nil,nil,0x801FABDC,0x801FABDC,true,false,false,false,false,false,false,false
2820,SAMPLE,IDLE,true,0,0,0,0,0,0,160.0,160.0,0.0,0.0,nil,nil,0x801FABDC,0x801FABDC,true,false,false,false,false,false,false,false
2822,SAMPLE,IDLE,true,0,0,0,0,0,0,160.0,160.0,0.0,0.0,nil,nil,0x801FABDC,0x801FABDC,true,false,false,false,false,false,false,false
2824,SAMPLE,IDLE,true,0,0,0,0,0,0,160.0,160.0,0.0,0.0,nil,nil,0x801FABDC,0x801FABDC,true,false,false,false,false,false,false,false
2826,SAMPLE,IDLE,true,0,0,0,0,0,0,160.0,160.0,0.0,0.0,nil,nil,0x801FABDC,0x801FABDC,true,false,false,false,false,false,false,false
2828,SAMPLE,IDLE,true,0,0,0,0,0,0,160.0,160.0,0.0,0.0,nil,nil,0x801FABDC,0x801FABDC,true,false,false,false,false,false,false,false
2830,SAMPLE,IDLE,true,0,0,0,0,0,0,160.0,160.0,0.0,0.0,nil,nil,0x801FABDC,0x801FABDC,true,false,false,false,false,false,false,false
2832,SAMPLE,IDLE,true,0,0,0,0,0,0,160.0,160.0,0.0,0.0,nil,nil,0x801FABDC,0x801FABDC,true,false,false,false,false,false,false,false
2834,SAMPLE,IDLE,true,0,0,0,0,0,0,160.0,160.0,0.0,0.0,nil,nil,0x801FABDC,0x801FABDC,true,false,false,false,false,false,false,false
2836,SAMPLE,IDLE,true,0,0,0,0,0,0,160.0,160.0,0.0,0.0,nil,nil,0x801FABDC,0x801FABDC,true,false,false,false,false,false,false,false
2838,SAMPLE,IDLE,true,0,0,0,0,0,0,160.0,160.0,0.0,0.0,nil,nil,0x801FABDC,0x801FABDC,true,false,false,false,false,false,false,false
2840,SAMPLE,IDLE,true,0,0,0,0,0,0,160.0,160.0,0.0,0.0,nil,nil,0x801FABDC,0x801FABDC,true,false,false,false,false,false,false,false
2842,SAMPLE,IDLE,true,0,0,0,0,0,0,160.0,160.0,0.0,0.0,nil,nil,0x801FABDC,0x801FABDC,true,false,false,false,false,false,false,false
2844,SAMPLE,IDLE,true,0,0,0,0,0,0,160.0,160.0,0.0,0.0,nil,nil,0x801FABDC,0x801FABDC,true,false,false,false,false,false,false,false
2846,SAMPLE,IDLE,true,0,0,0,0,0,0,160.0,160.0,0.0,0.0,nil,nil,0x801FABDC,0x801FABDC,true,false,false,false,false,false,false,false
2848,SAMPLE,IDLE,true,0,0,0,0,0,0,160.0,160.0,0.0,0.0,nil,nil,0x801FABDC,0x801FABDC,true,false,false,false,false,false,false,false
2850,SAMPLE,IDLE,true,0,0,0,0,0,0,160.0,160.0,0.0,0.0,nil,nil,0x801FABDC,0x801FABDC,true,false,false,false,false,false,false,false
2852,SAMPLE,IDLE,true,0,0,0,0,0,0,160.0,160.0,0.0,0.0,nil,nil,0x801FABDC,0x801FABDC,true,false,false,false,false,false,false,false
2854,SAMPLE,IDLE,true,0,0,0,0,0,0,160.0,160.0,0.0,0.0,nil,nil,0x801FABDC,0x801FABDC,true,false,false,false,false,false,false,false
2856,SAMPLE,IDLE,true,0,0,0,0,0,0,160.0,160.0,0.0,0.0,nil,nil,0x801FABDC,0x801FABDC,true,false,false,false,false,false,false,false
2858,SAMPLE,IDLE,true,0,0,0,0,0,0,160.0,160.0,0.0,0.0,nil,nil,0x801FABDC,0x801FABDC,true,false,false,false,false,false,false,false
2860,SAMPLE,IDLE,true,0,0,0,0,0,0,160.0,160.0,0.0,0.0,nil,nil,0x801FABDC,0x801FABDC,true,false,false,false,false,false,false,false
2862,SAMPLE,IDLE,true,0,0,0,0,0,0,160.0,160.0,0.0,0.0,nil,nil,0x801FABDC,0x801FABDC,true,false,false,false,false,false,false,false
2864,SAMPLE,IDLE,true,0,0,0,0,0,0,160.0,160.0,0.0,0.0,nil,nil,0x801FABDC,0x801FABDC,true,false,false,false,false,false,false,false
2866,SAMPLE,IDLE,true,0,0,0,0,0,0,160.0,160.0,0.0,0.0,nil,nil,0x801FABDC,0x801FABDC,true,false,false,false,false,false,false,false
2868,SAMPLE,IDLE,true,0,0,0,0,0,0,160.0,160.0,0.0,0.0,nil,nil,0x801FABDC,0x801FABDC,true,false,false,false,false,false,false,false
2870,SAMPLE,IDLE,true,0,0,0,0,0,0,160.0,160.0,0.0,0.0,nil,nil,0x801FABDC,0x801FABDC,true,false,false,false,false,false,false,false
2871,ACQUIRED,TRACKING,true,0,45,0,0,0,0,142.5306854248,142.5306854248,-91.307106018066,0.091393113136292,0x801FABDC,nil,0x801FABDC,0x801FABDC,false,true,true,true,false,false,false,false
2872,SAMPLE,TRACKING,true,0,45,0,0,0,0,142.5306854248,142.5306854248,-91.307106018066,0.091393113136292,0x801FABDC,nil,0x801FABDC,0x801FABDC,false,true,true,true,true,false,false,false
2874,SAMPLE,TRACKING,true,0,45,0,0,0,0,131.41923522949,131.41923522949,-148.35021972656,0.14882242679596,0x801FABDC,nil,0x801FABDC,0x801FABDC,false,true,true,true,true,false,false,false
2876,SAMPLE,TRACKING,true,0,45,0,0,0,0,131.41923522949,131.41923522949,-148.35021972656,0.14882242679596,0x801FABDC,nil,0x801FABDC,0x801FABDC,false,true,true,true,true,false,false,false
2878,SAMPLE,TRACKING,true,0,45,0,0,0,0,124.35171508789,124.35171508789,-183.91340637207,0.18491947650909,0x801FABDC,nil,0x801FABDC,0x801FABDC,false,true,true,true,true,false,false,false
2880,SAMPLE,TRACKING,true,0,45,0,0,0,0,137.32569885254,137.32569885254,-118.17527770996,0.1184298992157,0x801FABDC,nil,0x801FABDC,0x801FABDC,false,true,true,true,true,false,false,false
2882,SAMPLE,TRACKING,true,0,45,0,0,0,0,137.32569885254,137.32569885254,-118.17527770996,0.1184298992157,0x801FABDC,nil,0x801FABDC,0x801FABDC,false,true,true,true,true,false,false,false
2884,SAMPLE,TRACKING,true,0,45,0,0,0,0,145.57786560059,145.57786560059,-75.480621337891,0.075525760650635,0x801FABDC,nil,0x801FABDC,0x801FABDC,false,true,true,true,true,false,false,false
2886,SAMPLE,TRACKING,true,0,45,0,0,0,0,150.82672119141,150.82672119141,-48.091514587402,0.048057436943054,0x801FABDC,nil,0x801FABDC,0x801FABDC,false,true,true,true,true,false,false,false
2888,SAMPLE,TRACKING,true,0,45,0,0,0,0,150.82672119141,150.82672119141,-48.091514587402,0.048057436943054,0x801FABDC,nil,0x801FABDC,0x801FABDC,false,true,true,true,true,false,false,false
2890,SAMPLE,TRACKING,true,0,45,0,0,0,0,154.16528320313,154.16528320313,-30.609968185425,0.03051233291626,0x801FABDC,nil,0x801FABDC,0x801FABDC,false,true,true,true,true,false,false,false
2892,SAMPLE,TRACKING,true,0,45,0,0,0,0,156.2887878418,156.2887878418,-19.475116729736,0.03051233291626,0x801FABDC,nil,0x801FABDC,0x801FABDC,false,false,true,true,true,false,false,false
2894,SAMPLE,TRACKING,true,0,43,0,0,0,0,156.2887878418,156.2887878418,-19.475116729736,0.019438624382019,0x801FABDC,nil,0x801FABDC,0x801FABDC,false,false,false,false,true,false,false,false
2896,AUTO_SHOT,FIRED,true,1,42,2,0,0,0,157.63946533203,157.63946533203,-12.388641357422,0.012296080589294,0x801FABDC,0x801FABDC,0x801FABDC,0x801FABDC,true,false,false,false,true,false,false,false
2896,SAMPLE,FIRED,true,1,42,2,0,0,0,157.63946533203,157.63946533203,-12.388641357422,0.012296080589294,0x801FABDC,0x801FABDC,0x801FABDC,0x801FABDC,true,false,false,false,true,false,false,false
2898,SAMPLE,WAITING_RESULT,true,1,42,2,1,0,0,158.49856567383,158.49856567383,-7.880241394043,0.0078377723693848,0x801FABDC,0x801FABDC,0x801FABDC,0x801FABDC,true,false,false,false,true,false,false,false
2900,SAMPLE,WAITING_RESULT,true,1,42,2,3,0,0,158.49856567383,158.49856567383,-7.880241394043,0.0078377723693848,0x801FABDC,0x801FABDC,0x801FABDC,0x801FABDC,true,false,false,false,true,false,false,false
2902,SAMPLE,WAITING_RESULT,true,1,42,2,5,0,0,159.17869567871,159.17869567871,-4.3106894493103,0.0042424201965332,0x801FABDC,0x801FABDC,0x801FABDC,0x801FABDC,true,false,false,false,true,false,false,false
2904,SAMPLE,WAITING_RESULT,true,1,42,2,7,0,0,159.17869567871,159.17869567871,-4.3106894493103,0.0042424201965332,0x801FABDC,0x801FABDC,0x801FABDC,0x801FABDC,true,false,false,false,true,false,false,false
2906,SAMPLE,WAITING_RESULT,true,1,42,2,9,0,0,159.47761535645,159.47761535645,-2.7417979240417,0.0026605129241943,0x801FABDC,0x801FABDC,0x801FABDC,0x801FABDC,true,false,false,false,true,false,false,false
2908,SAMPLE,WAITING_RESULT,true,1,42,2,11,0,0,159.66772460938,159.66772460938,-1.7439906597137,0.0017017126083374,0x801FABDC,0x801FABDC,0x801FABDC,0x801FABDC,true,false,false,false,true,false,false,false
2910,SAMPLE,WAITING_RESULT,true,1,42,2,13,0,0,159.7886505127,159.7886505127,-1.1092963218689,0.0010306835174561,0x801FABDC,0x801FABDC,0x801FABDC,0x801FABDC,true,false,false,false,true,false,false,false
2912,SAMPLE,WAITING_RESULT,true,1,42,2,15,0,0,159.7886505127,159.7886505127,-1.1092963218689,0.0010306835174561,0x801FABDC,0x801FABDC,0x801FABDC,0x801FABDC,true,false,false,false,true,false,false,false
2914,SAMPLE,WAITING_RESULT,true,1,42,2,17,0,0,159.86557006836,159.86557006836,-0.70557391643524,0.00064718723297119,0x801FABDC,0x801FABDC,0x801FABDC,0x801FABDC,true,false,false,false,true,false,false,false
2916,SAMPLE,WAITING_RESULT,true,1,42,2,19,0,0,159.91450500488,159.91450500488,-0.44873225688934,0.00035953521728516,0x801FABDC,0x801FABDC,0x801FABDC,0x801FABDC,true,false,false,false,true,false,false,false
2918,SAMPLE,WAITING_RESULT,true,1,42,2,21,0,0,159.94561767578,159.94561767578,-0.2854331433773,0.00021576881408691,0x801FABDC,0x801FABDC,0x801FABDC,0x801FABDC,true,false,false,false,true,false,false,false
2920,SAMPLE,WAITING_RESULT,true,1,42,2,23,0,0,159.94561767578,159.94561767578,-0.2854331433773,0.00021576881408691,0x801FABDC,0x801FABDC,0x801FABDC,0x801FABDC,true,false,false,false,true,false,false,false
2922,SAMPLE,WAITING_RESULT,true,1,42,2,25,0,0,159.9654083252,159.9654083252,-0.18155919015408,0.00011980533599854,0x801FABDC,0x801FABDC,0x801FABDC,0x801FABDC,true,false,false,false,true,false,false,false
2924,SAMPLE,WAITING_RESULT,true,1,42,2,27,0,0,159.97799682617,159.97799682617,-0.1154866963625,2.3961067199707e-05,0x801FABDC,0x801FABDC,0x801FABDC,0x801FABDC,true,false,false,false,true,false,false,false
2926,SAMPLE,WAITING_RESULT,true,1,42,2,29,0,0,159.98600769043,159.98600769043,-0.073440566658974,2.3961067199707e-05,0x801FABDC,0x801FABDC,0x801FABDC,0x801FABDC,true,false,false,false,true,false,false,false
2928,SAMPLE,WAITING_RESULT,true,1,42,2,31,0,0,159.98600769043,159.98600769043,-0.073440566658974,2.3961067199707e-05,0x801FABDC,0x801FABDC,0x801FABDC,0x801FABDC,true,false,false,false,true,false,false,false
2930,SAMPLE,WAITING_RESULT,true,1,42,2,33,0,0,159.99110412598,159.99110412598,-0.046691223978996,-2.3841857910156e-05,0x801FABDC,0x801FABDC,0x801FABDC,0x801FABDC,true,false,false,false,true,false,false,false
2932,SAMPLE,WAITING_RESULT,true,1,42,2,35,0,0,159.99433898926,159.99433898926,-0.029712596908212,-2.3841857910156e-05,0x801FABDC,0x801FABDC,0x801FABDC,0x801FABDC,true,false,false,false,true,false,false,false
2934,SAMPLE,WAITING_RESULT,true,1,42,2,37,0,0,159.99639892578,159.99639892578,-0.018900737166405,-2.3841857910156e-05,0x801FABDC,0x801FABDC,0x801FABDC,0x801FABDC,true,false,false,false,true,false,false,false
2936,SAMPLE,WAITING_RESULT,true,1,42,2,39,0,0,159.99771118164,159.99771118164,-0.012013180181384,-2.3841857910156e-05,0x801FABDC,0x801FABDC,0x801FABDC,0x801FABDC,true,false,false,false,true,false,false,false
2938,SAMPLE,WAITING_RESULT,true,1,42,2,41,0,0,159.99771118164,159.99771118164,-0.012013180181384,-2.3841857910156e-05,0x801FABDC,0x801FABDC,0x801FABDC,0x801FABDC,true,false,false,false,true,false,false,false
2940,SAMPLE,WAITING_RESULT,true,1,42,2,43,0,0,159.99855041504,159.99855041504,-0.007608347106725,-2.3841857910156e-05,0x801FABDC,0x801FABDC,0x801FABDC,0x801FABDC,true,false,false,false,true,false,false,false
2942,SAMPLE,WAITING_RESULT,true,1,42,2,45,0,0,147.37852478027,147.37852478027,-66.098960876465,0.066082000732422,0x801FABDC,0x801FABDC,0x801FABDC,0x801FABDC,false,true,true,true,true,false,false,false
2944,SAMPLE,WAITING_RESULT,true,1,42,2,47,0,0,138.44346618652,138.44346618652,-112.41696929932,0.11262941360474,0x801FABDC,0x801FABDC,0x801FABDC,0x801FABDC,false,true,true,true,true,false,false,false
2946,SAMPLE,WAITING_RESULT,true,1,42,2,49,0,0,138.44346618652,138.44346618652,-112.41696929932,0.11262941360474,0x801FABDC,0x801FABDC,0x801FABDC,0x801FABDC,false,true,true,true,true,false,false,false
2948,SAMPLE,WAITING_RESULT,true,1,42,2,51,0,0,131.98208618164,131.98208618164,-145.47407531738,0.14599406719208,0x801FABDC,0x801FABDC,0x801FABDC,0x801FABDC,false,true,true,true,true,false,false,false
2950,SAMPLE,WAITING_RESULT,true,1,42,2,53,0,0,127.28164672852,127.28164672852,-169.22811889648,0.17001080513,0x801FABDC,0x801FABDC,0x801FABDC,0x801FABDC,false,true,true,true,true,false,false,false
2952,SAMPLE,WAITING_RESULT,true,1,42,2,55,0,0,123.85358428955,123.85358428955,-186.37446594238,0.187460064888,0x801FABDC,0x801FABDC,0x801FABDC,0x801FABDC,false,true,true,true,true,false,false,false
2954,SAMPLE,WAITING_RESULT,true,1,42,2,57,0,0,123.85358428955,123.85358428955,-186.37446594238,0.187460064888,0x801FABDC,0x801FABDC,0x801FABDC,0x801FABDC,false,true,true,true,true,false,false,false
2956,SAMPLE,WAITING_RESULT,true,1,42,2,59,0,0,121.6982421875,121.6982421875,-197.07356262207,0.19834196567535,0x801FABDC,0x801FABDC,0x801FABDC,0x801FABDC,false,true,true,true,true,false,false,false
2958,SAMPLE,WAITING_RESULT,true,1,42,2,61,0,0,120.32562255859,120.32562255859,-203.85237121582,0.20524489879608,0x801FABDC,0x801FABDC,0x801FABDC,0x801FABDC,false,true,true,true,true,false,false,false
2960,SAMPLE,WAITING_RESULT,true,1,42,2,63,0,0,119.68814086914,119.68814086914,-206.99299621582,0.20845687389374,0x801FABDC,0x801FABDC,0x801FABDC,0x801FABDC,false,true,true,true,true,false,false,false
2962,SAMPLE,WAITING_RESULT,true,1,42,2,65,0,0,119.68814086914,119.68814086914,-206.99299621582,0.20845687389374,0x801FABDC,0x801FABDC,0x801FABDC,0x801FABDC,false,true,true,true,true,false,false,false
2964,SAMPLE,WAITING_RESULT,true,1,42,2,67,0,0,119.30039978027,119.30039978027,-208.9024810791,0.21042227745056,0x801FABDC,0x801FABDC,0x801FABDC,0x801FABDC,false,true,true,true,true,false,false,false
2966,SAMPLE,WAITING_RESULT,true,1,42,2,69,0,0,119.08275604248,119.08275604248,-209.97219848633,0.21152484416962,0x801FABDC,0x801FABDC,0x801FABDC,0x801FABDC,false,true,true,true,true,false,false,false
2968,SAMPLE,WAITING_RESULT,true,1,42,2,71,0,0,119.08275604248,119.08275604248,-209.97219848633,0.21152484416962,0x801FABDC,0x801FABDC,0x801FABDC,0x801FABDC,false,true,true,true,true,false,false,false
2970,SAMPLE,WAITING_RESULT,true,1,42,2,73,0,0,118.84393310547,118.84393310547,-211.14189147949,0.21267533302307,0x801FABDC,0x801FABDC,0x801FABDC,0x801FABDC,false,true,true,true,true,false,false,false
2972,SAMPLE,WAITING_RESULT,true,1,42,2,75,0,0,118.51419067383,118.51419067383,-212.75372314453,0.21435308456421,0x801FABDC,0x801FABDC,0x801FABDC,0x801FABDC,false,true,true,true,true,false,false,false
2974,SAMPLE,WAITING_RESULT,true,1,42,2,77,0,0,118.51419067383,118.51419067383,-212.75372314453,0.21435308456421,0x801FABDC,0x801FABDC,0x801FABDC,0x801FABDC,false,true,true,true,true,false,false,false
2976,SAMPLE,WAITING_RESULT,true,1,42,2,79,0,0,118.16455078125,118.16455078125,-214.46026611328,0.21612691879272,0x801FABDC,0x801FABDC,0x801FABDC,0x801FABDC,false,true,true,true,true,false,false,false
2978,SAMPLE,WAITING_RESULT,true,1,42,2,81,0,0,117.85898590088,117.85898590088,-215.9474029541,0.21761286258698,0x801FABDC,0x801FABDC,0x801FABDC,0x801FABDC,false,true,true,true,true,false,false,false
2980,SAMPLE,WAITING_RESULT,true,1,42,2,83,0,0,117.41535949707,117.41535949707,-218.10227966309,0.21761286258698,0x801FABDC,0x801FABDC,0x801FABDC,0x801FABDC,false,true,true,true,true,false,false,false
2982,SAMPLE,WAITING_RESULT,true,1,42,2,85,0,0,117.41535949707,117.41535949707,-218.10227966309,0.21986591815948,0x801FABDC,0x801FABDC,0x801FABDC,0x801FABDC,false,true,true,true,true,false,false,false
2984,SAMPLE,WAITING_RESULT,true,1,42,2,87,0,0,116.92298126221,116.92298126221,-220.48733520508,0.22231078147888,0x801FABDC,0x801FABDC,0x801FABDC,0x801FABDC,false,true,true,true,true,false,false,false
2986,SAMPLE,WAITING_RESULT,true,1,42,2,89,0,0,116.4510269165,116.4510269165,-222.76345825195,0.22470772266388,0x801FABDC,0x801FABDC,0x801FABDC,0x801FABDC,false,true,true,true,true,false,false,false
2988,SAMPLE,WAITING_RESULT,true,1,42,2,91,0,0,116.4510269165,116.4510269165,-222.76345825195,0.22470772266388,0x801FABDC,0x801FABDC,0x801FABDC,0x801FABDC,false,true,true,true,true,false,false,false
2990,SAMPLE,WAITING_RESULT,true,1,42,2,93,0,0,115.91082000732,115.91082000732,-225.35034179688,0.22739219665527,0x801FABDC,0x801FABDC,0x801FABDC,0x801FABDC,false,true,true,true,true,false,false,false
2992,SAMPLE,WAITING_RESULT,true,1,42,2,95,0,0,115.3606262207,115.3606262207,-227.94589233398,0.23012459278107,0x801FABDC,0x801FABDC,0x801FABDC,0x801FABDC,false,true,true,true,true,false,false,false
2994,SAMPLE,WAITING_RESULT,true,1,42,2,97,0,0,115.3606262207,115.3606262207,-227.94589233398,0.23012459278107,0x801FABDC,0x801FABDC,0x801FABDC,0x801FABDC,false,true,true,true,true,false,false,false
2996,SAMPLE,WAITING_RESULT,true,1,42,2,99,0,0,114.83558654785,114.83558654785,-230.36616516113,0.23276126384735,0x801FABDC,0x801FABDC,0x801FABDC,0x801FABDC,false,true,true,true,true,false,false,false
2998,SAMPLE,WAITING_RESULT,true,1,42,2,101,0,0,114.3939666748,114.3939666748,-232.32330322266,0.23491835594177,0x801FABDC,0x801FABDC,0x801FABDC,0x801FABDC,false,true,true,true,true,false,false,false
3000,SAMPLE,WAITING_RESULT,true,1,42,2,103,0,0,113.96179199219,113.96179199219,-234.18957519531,0.23491835594177,0x801FABDC,0x801FABDC,0x801FABDC,0x801FABDC,false,true,true,true,true,false,false,false
3002,SAMPLE,WAITING_RESULT,true,1,42,2,105,0,0,113.96179199219,113.96179199219,-234.18957519531,0.23707556724548,0x801FABDC,0x801FABDC,0x801FABDC,0x801FABDC,false,true,true,true,true,false,false,false
3004,SAMPLE,WAITING_RESULT,true,1,42,2,107,0,0,113.60037231445,113.60037231445,-235.68788146973,0.23884928226471,0x801FABDC,0x801FABDC,0x801FABDC,0x801FABDC,false,true,true,true,true,false,false,false
3006,SAMPLE,WAITING_RESULT,true,1,42,2,109,0,0,113.28443908691,113.28443908691,-236.95361328125,0.24043118953705,0x801FABDC,0x801FABDC,0x801FABDC,0x801FABDC,false,true,true,true,true,false,false,false
3008,SAMPLE,WAITING_RESULT,true,1,42,2,111,0,0,113.28443908691,113.28443908691,-236.95361328125,0.24043118953705,0x801FABDC,0x801FABDC,0x801FABDC,0x801FABDC,false,true,true,true,true,false,false,false
3010,SAMPLE,WAITING_RESULT,true,1,42,2,113,0,0,112.96437072754,112.96437072754,-238.2255859375,0.24201309680939,0x801FABDC,0x801FABDC,0x801FABDC,0x801FABDC,false,true,true,true,true,false,false,false
3012,SAMPLE,WAITING_RESULT,true,1,42,2,115,0,0,112.7121887207,112.7121887207,-239.23573303223,0.24325954914093,0x801FABDC,0x801FABDC,0x801FABDC,0x801FABDC,false,true,true,true,true,false,false,false
3014,SAMPLE,WAITING_RESULT,true,1,42,2,117,0,0,112.7121887207,112.7121887207,-239.23573303223,0.24325954914093,0x801FABDC,0x801FABDC,0x801FABDC,0x801FABDC,false,true,true,true,true,false,false,false
3016,SAMPLE,WAITING_RESULT,true,1,42,2,119,0,0,112.55959320068,112.55959320068,-239.83544921875,0.2440265417099,0x801FABDC,0x801FABDC,0x801FABDC,0x801FABDC,false,true,true,true,true,false,false,false
3017,SHOT_FAILED,SHOT_FAILED,true,1,42,2,120,0,0,112.51931762695,112.51931762695,-239.94523620605,0.2442182302475,0x801FABDC,0x801FABDC,0x801FABDC,0x801FABDC,false,true,true,true,true,false,false,false
3018,SAMPLE,RETRY_DELAY,true,1,0,0,120,0,20,112.51931762695,112.51931762695,-239.94523620605,0.2442182302475,0x801FABDC,0x801FABDC,0x801FABDC,0x801FABDC,false,true,true,true,true,false,false,false
3020,SAMPLE,RETRY_DELAY,true,1,0,0,120,0,18,112.51931762695,112.51931762695,-239.94523620605,0.2442182302475,0x801FABDC,0x801FABDC,0x801FABDC,0x801FABDC,false,true,true,true,true,false,false,false
3022,SAMPLE,RETRY_DELAY,true,1,0,0,120,0,16,112.61345672607,112.61345672607,-239.46520996094,0.24373888969421,0x801FABDC,0x801FABDC,0x801FABDC,0x801FABDC,false,true,true,true,true,false,false,false
3024,SAMPLE,RETRY_DELAY,true,1,0,0,120,0,14,112.89009094238,112.89009094238,-238.16360473633,0.24239659309387,0x801FABDC,0x801FABDC,0x801FABDC,0x801FABDC,false,true,true,true,true,false,false,false
3026,SAMPLE,RETRY_DELAY,true,1,0,0,120,0,12,113.21392822266,113.21392822266,-236.65138244629,0.24076676368713,0x801FABDC,0x801FABDC,0x801FABDC,0x801FABDC,false,true,true,true,true,false,false,false
3028,SAMPLE,RETRY_DELAY,true,1,0,0,120,0,10,113.21392822266,113.21392822266,-236.65138244629,0.24076676368713,0x801FABDC,0x801FABDC,0x801FABDC,0x801FABDC,false,true,true,true,true,false,false,false
3030,SAMPLE,RETRY_DELAY,true,1,0,0,120,0,8,113.57592773438,113.57592773438,-234.97595214844,0.2389931678772,0x801FABDC,0x801FABDC,0x801FABDC,0x801FABDC,false,true,true,true,true,false,false,false
3032,SAMPLE,RETRY_DELAY,true,1,0,0,120,0,6,113.99546813965,113.99546813965,-233.01118469238,0.2368837594986,0x801FABDC,0x801FABDC,0x801FABDC,0x801FABDC,false,true,true,true,true,false,false,false
3034,SAMPLE,RETRY_DELAY,true,1,0,0,120,0,4,113.99546813965,113.99546813965,-233.01118469238,0.2368837594986,0x801FABDC,0x801FABDC,0x801FABDC,0x801FABDC,false,true,true,true,true,false,false,false
3036,SAMPLE,RETRY_DELAY,true,1,0,0,120,0,2,114.20379638672,114.20379638672,-232.04138183594,0.23587715625763,0x801FABDC,0x801FABDC,0x801FABDC,0x801FABDC,false,true,true,true,true,false,false,false
3038,SAMPLE,RETRY_DELAY,true,1,0,0,120,0,0,114.40061950684,114.40061950684,-231.11758422852,0.23487043380737,0x801FABDC,0x801FABDC,0x801FABDC,0x801FABDC,false,true,true,true,true,false,false,false
3040,ACQUIRED,TRACKING,true,1,45,0,0,0,0,114.40061950684,114.40061950684,-231.11758422852,0.23487043380737,0x801FABDC,0x801FABDC,0x801FABDC,0x801FABDC,false,true,true,true,true,false,false,false
3040,SAMPLE,TRACKING,true,1,45,0,0,0,0,114.40061950684,114.40061950684,-231.11758422852,0.23487043380737,0x801FABDC,0x801FABDC,0x801FABDC,0x801FABDC,false,true,true,true,true,false,false,false
3042,SAMPLE,TRACKING,true,1,45,0,0,0,0,114.53541564941,114.53541564941,-230.48773193359,0.2341992855072,0x801FABDC,0x801FABDC,0x801FABDC,0x801FABDC,false,true,true,true,true,false,false,false
3044,SAMPLE,TRACKING,true,1,45,0,0,0,0,114.64793395996,114.64793395996,-229.95896911621,0.23367202281952,0x801FABDC,0x801FABDC,0x801FABDC,0x801FABDC,false,true,true,true,true,false,false,false
3046,SAMPLE,TRACKING,true,1,45,0,0,0,0,114.76936340332,114.76936340332,-229.3917388916,0.23304879665375,0x801FABDC,0x801FABDC,0x801FABDC,0x801FABDC,false,true,true,true,true,false,false,false
3048,SAMPLE,TRACKING,true,1,45,0,0,0,0,114.76936340332,114.76936340332,-229.3917388916,0.23304879665375,0x801FABDC,0x801FABDC,0x801FABDC,0x801FABDC,false,true,true,true,true,false,false,false
3050,SAMPLE,TRACKING,true,1,45,0,0,0,0,114.89228057861,114.89228057861,-228.80926513672,0.23247361183167,0x801FABDC,0x801FABDC,0x801FABDC,0x801FABDC,false,true,true,true,true,false,false,false
3052,SAMPLE,TRACKING,true,1,45,0,0,0,0,115.02949523926,115.02949523926,-228.16290283203,0.23175454139709,0x801FABDC,0x801FABDC,0x801FABDC,0x801FABDC,false,true,true,true,true,false,false,false
3054,SAMPLE,TRACKING,true,1,45,0,0,0,0,115.02949523926,115.02949523926,-228.16290283203,0.23175454139709,0x801FABDC,0x801FABDC,0x801FABDC,0x801FABDC,false,true,true,true,true,false,false,false
3056,SAMPLE,TRACKING,true,1,45,0,0,0,0,115.15144348145,115.15144348145,-227.58787536621,0.23113131523132,0x801FABDC,0x801FABDC,0x801FABDC,0x801FABDC,false,true,true,true,true,false,false,false
3058,SAMPLE,TRACKING,true,1,45,0,0,0,0,115.24195861816,115.24195861816,-227.16407775879,0.23069977760315,0x801FABDC,0x801FABDC,0x801FABDC,0x801FABDC,false,true,true,true,true,false,false,false
3060,SAMPLE,TRACKING,true,1,45,0,0,0,0,115.24195861816,115.24195861816,-227.16407775879,0.23069977760315,0x801FABDC,0x801FABDC,0x801FABDC,0x801FABDC,false,true,true,true,true,false,false,false
3062,SAMPLE,TRACKING,true,1,45,0,0,0,0,115.34980773926,115.34980773926,-226.65664672852,0.23017251491547,0x801FABDC,0x801FABDC,0x801FABDC,0x801FABDC,false,true,true,true,true,false,false,false
3064,SAMPLE,TRACKING,true,1,45,0,0,0,0,115.49779510498,115.49779510498,-225.95849609375,0.2294055223465,0x801FABDC,0x801FABDC,0x801FABDC,0x801FABDC,false,true,true,true,true,false,false,false
3066,SAMPLE,TRACKING,true,1,45,0,0,0,0,115.49779510498,115.49779510498,-225.95849609375,0.2294055223465,0x801FABDC,0x801FABDC,0x801FABDC,0x801FABDC,false,true,true,true,true,false,false,false
3068,SAMPLE,TRACKING,true,1,45,0,0,0,0,115.66543579102,115.66543579102,-225.16052246094,0.22859060764313,0x801FABDC,0x801FABDC,0x801FABDC,0x801FABDC,false,true,true,true,true,false,false,false
3070,SAMPLE,TRACKING,true,1,45,0,0,0,0,115.81900024414,115.81900024414,-224.42848205566,0.22782361507416,0x801FABDC,0x801FABDC,0x801FABDC,0x801FABDC,false,true,true,true,true,false,false,false
3072,SAMPLE,TRACKING,true,1,45,0,0,0,0,115.962059021,115.962059021,-223.74049377441,0.22782361507416,0x801FABDC,0x801FABDC,0x801FABDC,0x801FABDC,false,true,true,true,true,false,false,false
3074,SAMPLE,TRACKING,true,1,45,0,0,0,0,115.962059021,115.962059021,-223.74049377441,0.22715246677399,0x801FABDC,0x801FABDC,0x801FABDC,0x801FABDC,false,true,true,true,true,false,false,false
3076,SAMPLE,TRACKING,true,1,45,0,0,0,0,116.09369659424,116.09369659424,-223.11462402344,0.22648131847382,0x801FABDC,0x801FABDC,0x801FABDC,0x801FABDC,false,true,true,true,true,false,false,false
3078,SAMPLE,TRACKING,true,1,45,0,0,0,0,116.19686126709,116.19686126709,-222.62794494629,0.22595405578613,0x801FABDC,0x801FABDC,0x801FABDC,0x801FABDC,false,true,true,true,true,false,false,false
3080,SAMPLE,TRACKING,true,1,45,0,0,0,0,116.19686126709,116.19686126709,-222.62794494629,0.22595405578613,0x801FABDC,0x801FABDC,0x801FABDC,0x801FABDC,false,true,true,true,true,false,false,false
3082,SAMPLE,TRACKING,true,1,45,0,0,0,0,116.3355178833,116.3355178833,-221.96765136719,0.22523498535156,0x801FABDC,0x801FABDC,0x801FABDC,0x801FABDC,false,true,true,true,true,false,false,false
3084,SAMPLE,TRACKING,true,1,45,0,0,0,0,116.47013092041,116.47013092041,-221.32562255859,0.22461175918579,0x801FABDC,0x801FABDC,0x801FABDC,0x801FABDC,false,true,true,true,true,false,false,false
3086,SAMPLE,TRACKING,true,1,45,0,0,0,0,116.47013092041,116.47013092041,-221.32562255859,0.22461175918579,0x801FABDC,0x801FABDC,0x801FABDC,0x801FABDC,false,true,true,true,true,false,false,false
3088,SAMPLE,TRACKING,true,1,45,0,0,0,0,116.63674163818,116.63674163818,-220.52665710449,0.22374892234802,0x801FABDC,0x801FABDC,0x801FABDC,0x801FABDC,false,true,true,true,true,false,false,false
3090,SAMPLE,TRACKING,true,1,45,0,0,0,0,116.77434539795,116.77434539795,-219.86676025391,0.22302973270416,0x801FABDC,0x801FABDC,0x801FABDC,0x801FABDC,false,true,true,true,true,false,false,false
3092,SAMPLE,TRACKING,true,1,45,0,0,0,0,116.77434539795,116.77434539795,-219.86676025391,0.22302973270416,0x801FABDC,0x801FABDC,0x801FABDC,0x801FABDC,false,true,true,true,true,false,false,false
3094,SAMPLE,TRACKING,true,1,45,0,0,0,0,116.88324737549,116.88324737549,-219.34623718262,0.22250247001648,0x801FABDC,0x801FABDC,0x801FABDC,0x801FABDC,false,true,true,true,true,false,false,false
3096,SAMPLE,TRACKING,true,1,45,0,0,0,0,116.99220275879,116.99220275879,-218.82412719727,0.2219752073288,0x801FABDC,0x801FABDC,0x801FABDC,0x801FABDC,false,true,true,true,true,false,false,false
3098,SAMPLE,TRACKING,true,1,45,0,0,0,0,116.99220275879,116.99220275879,-218.82412719727,0.2219752073288,0x801FABDC,0x801FABDC,0x801FABDC,0x801FABDC,false,true,true,true,true,false,false,false
3100,SAMPLE,TRACKING,true,1,45,0,0,0,0,117.083152771,117.083152771,-218.39007568359,0.22149574756622,0x801FABDC,0x801FABDC,0x801FABDC,0x801FABDC,false,true,true,true,true,false,false,false
3102,SAMPLE,TRACKING,true,1,45,0,0,0,0,117.12734222412,117.12734222412,-218.23106384277,0.22130405902863,0x801FABDC,0x801FABDC,0x801FABDC,0x801FABDC,false,true,true,true,true,false,false,false
3104,SAMPLE,TRACKING,true,1,45,0,0,0,0,117.12734222412,117.12734222412,-218.23106384277,0.22130405902863,0x801FABDC,0x801FABDC,0x801FABDC,0x801FABDC,false,true,true,true,true,false,false,false
3106,SAMPLE,TRACKING,true,1,45,0,0,0,0,117.1471862793,117.1471862793,-218.23440551758,0.22120821475983,0x801FABDC,0x801FABDC,0x801FABDC,0x801FABDC,false,true,true,true,true,false,false,false
3108,SAMPLE,TRACKING,true,1,45,0,0,0,0,117.24417114258,117.24417114258,-217.90576171875,0.22068083286285,0x801FABDC,0x801FABDC,0x801FABDC,0x801FABDC,false,true,true,true,true,false,false,false
3110,SAMPLE,TRACKING,true,1,45,0,0,0,0,117.24417114258,117.24417114258,-217.90576171875,0.22068083286285,0x801FABDC,0x801FABDC,0x801FABDC,0x801FABDC,false,true,true,true,true,false,false,false
3112,SAMPLE,TRACKING,true,1,45,0,0,0,0,117.17851257324,117.17851257324,-218.38284301758,0.22106432914734,0x801FABDC,0x801FABDC,0x801FABDC,0x801FABDC,false,true,true,true,true,false,false,false
3114,SAMPLE,TRACKING,true,1,45,0,0,0,0,116.92245483398,116.92245483398,-219.76876831055,0.22231078147888,0x801FABDC,0x801FABDC,0x801FABDC,0x801FABDC,false,true,true,true,true,false,false,false
3116,SAMPLE,TRACKING,true,1,45,0,0,0,0,116.92245483398,116.92245483398,-219.76876831055,0.22231078147888,0x801FABDC,0x801FABDC,0x801FABDC,0x801FABDC,false,true,true,true,true,false,false,false
3118,SAMPLE,TRACKING,true,1,45,0,0,0,0,116.52810668945,116.52810668945,-221.80128479004,0.22432422637939,0x801FABDC,0x801FABDC,0x801FABDC,0x801FABDC,false,true,true,true,true,false,false,false
3120,SAMPLE,TRACKING,true,1,45,0,0,0,0,116.52810668945,116.52810668945,-221.80128479004,0.22432422637939,0x801FABDC,0x801FABDC,0x801FABDC,0x801FABDC,false,true,true,true,true,false,false,false
3122,SAMPLE,TRACKING,true,1,45,0,0,0,0,116.00408935547,116.00408935547,-224.43952941895,0.2269127368927,0x801FABDC,0x801FABDC,0x801FABDC,0x801FABDC,false,true,true,true,true,false,false,false
3124,SAMPLE,TRACKING,true,1,45,0,0,0,0,115.40243530273,115.40243530273,-227.43550109863,0.22993278503418,0x801FABDC,0x801FABDC,0x801FABDC,0x801FABDC,false,true,true,true,true,false,false,false
3126,SAMPLE,TRACKING,true,1,45,0,0,0,0,115.40243530273,115.40243530273,-227.43550109863,0.22993278503418,0x801FABDC,0x801FABDC,0x801FABDC,0x801FABDC,false,true,true,true,true,false,false,false
3128,SAMPLE,TRACKING,true,1,45,0,0,0,0,114.75918579102,114.75918579102,-230.61207580566,0.23314476013184,0x801FABDC,0x801FABDC,0x801FABDC,0x801FABDC,false,true,true,true,true,false,false,false
3130,SAMPLE,TRACKING,true,1,45,0,0,0,0,131.22430419922,131.22430419922,-149.22679138184,0.14987695217133,0x801FABDC,0x801FABDC,0x801FABDC,0x801FABDC,false,true,true,true,true,false,false,false
3132,SAMPLE,TRACKING,true,1,45,0,0,0,0,141.69705200195,141.69705200195,-95.595703125,0.095755338668823,0x801FABDC,0x801FABDC,0x801FABDC,0x801FABDC,false,true,true,true,true,false,false,false
3134,SAMPLE,TRACKING,true,1,45,0,0,0,0,141.69705200195,141.69705200195,-95.595703125,0.095755338668823,0x801FABDC,0x801FABDC,0x801FABDC,0x801FABDC,false,true,true,true,true,false,false,false
3136,SAMPLE,TRACKING,true,1,45,0,0,0,0,148.35829162598,148.35829162598,-60.981685638428,0.06100070476532,0x801FABDC,0x801FABDC,0x801FABDC,0x801FABDC,false,true,true,true,true,false,false,false
3138,SAMPLE,TRACKING,true,1,45,0,0,0,0,152.59523010254,152.59523010254,-38.833656311035,0.038805484771729,0x801FABDC,0x801FABDC,0x801FABDC,0x801FABDC,false,true,true,true,true,false,false,false
3140,SAMPLE,TRACKING,true,1,45,0,0,0,0,154.52342224121,154.52342224121,-28.731904983521,0.028690695762634,0x801FABDC,0x801FABDC,0x801FABDC,0x801FABDC,false,true,true,true,true,false,false,false
3142,SAMPLE,TRACKING,true,1,45,0,0,0,0,154.52342224121,154.52342224121,-28.731904983521,0.028690695762634,0x801FABDC,0x801FABDC,0x801FABDC,0x801FABDC,false,true,true,true,true,false,false,false
3144,SAMPLE,TRACKING,true,1,43,0,0,0,0,156.51658630371,156.51658630371,-18.279916763306,0.018192291259766,0x801FABDC,0x801FABDC,0x801FABDC,0x801FABDC,false,false,false,false,true,false,false,false
3146,AUTO_SHOT,FIRED,true,2,42,2,0,0,0,157.42367553711,157.42367553711,-13.520875930786,0.013494491577148,0x801FABDC,0x801FABDC,0x801FABDC,0x801FABDC,true,false,false,false,true,false,false,false
3146,SAMPLE,FIRED,true,2,42,2,0,0,0,157.42367553711,157.42367553711,-13.520875930786,0.013494491577148,0x801FABDC,0x801FABDC,0x801FABDC,0x801FABDC,true,false,false,false,true,false,false,false
3148,SAMPLE,WAITING_RESULT,true,2,42,2,1,0,0,158.09454345703,158.09454345703,-10.000517845154,0.0099470615386963,0x801FABDC,0x801FABDC,0x801FABDC,0x801FABDC,true,false,false,false,true,false,false,false
3150,SAMPLE,WAITING_RESULT,true,2,42,2,3,0,0,158.78802490234,158.78802490234,-6.3610816001892,0.0063037872314453,0x801FABDC,0x801FABDC,0x801FABDC,0x801FABDC,true,false,false,false,true,false,false,false
3152,SAMPLE,WAITING_RESULT,true,2,42,2,5,0,0,158.78802490234,158.78802490234,-6.3610816001892,0.0063037872314453,0x801FABDC,0x801FABDC,0x801FABDC,0x801FABDC,true,false,false,false,true,false,false,false
3154,SAMPLE,WAITING_RESULT,true,2,42,2,7,0,0,159.22911071777,159.22911071777,-4.0460834503174,0.0040026903152466,0x801FABDC,0x801FABDC,0x801FABDC,0x801FABDC,true,false,false,false,true,false,false,false
3156,SAMPLE,WAITING_RESULT,true,2,42,2,9,0,0,159.42985534668,159.42985534668,-2.9924688339233,0.0029481649398804,0x801FABDC,0x801FABDC,0x801FABDC,0x801FABDC,true,false,false,false,true,false,false,false
3158,SAMPLE,WAITING_RESULT,true,2,42,2,11,0,0,159.57832336426,159.57832336426,-2.2132225036621,0.0021332502365112,0x801FABDC,0x801FABDC,0x801FABDC,0x801FABDC,true,false,false,false,true,false,false,false
3160,SAMPLE,WAITING_RESULT,true,2,42,2,13,0,0,159.68812561035,159.68812561035,-1.6369135379791,0.0015579462051392,0x801FABDC,0x801FABDC,0x801FABDC,0x801FABDC,true,false,false,false,true,false,false,false
3162,SAMPLE,WAITING_RESULT,true,2,42,2,15,0,0,159.76933288574,159.76933288574,-1.2106873989105,0.0011265277862549,0x801FABDC,0x801FABDC,0x801FABDC,0x801FABDC,true,false,false,false,true,false,false,false
3164,SAMPLE,WAITING_RESULT,true,2,42,2,17,0,0,159.82940673828,159.82940673828,-0.89538198709488,0.00083887577056885,0x801FABDC,0x801FABDC,0x801FABDC,0x801FABDC,true,false,false,false,true,false,false,false
3166,SAMPLE,WAITING_RESULT,true,2,42,2,19,0,0,159.87382507324,159.87382507324,-0.66224640607834,0.00059926509857178,0x801FABDC,0x801FABDC,0x801FABDC,0x801FABDC,true,false,false,false,true,false,false,false
3168,SAMPLE,WAITING_RESULT,true,2,42,2,21,0,0,159.87382507324,159.87382507324,-0.66224640607834,0.00059926509857178,0x801FABDC,0x801FABDC,0x801FABDC,0x801FABDC,true,false,false,false,true,false,false,false
3170,SAMPLE,WAITING_RESULT,true,2,42,2,23,0,0,159.90667724609,159.90667724609,-0.48981735110283,0.00045537948608398,0x801FABDC,0x801FABDC,0x801FABDC,0x801FABDC,true,false,false,false,true,false,false,false
3172,SAMPLE,WAITING_RESULT,true,2,42,2,25,0,0,159.94064331055,159.94064331055,-0.31154179573059,0.00026369094848633,0x801FABDC,0x801FABDC,0x801FABDC,0x801FABDC,true,false,false,false,true,false,false,false
3174,SAMPLE,WAITING_RESULT,true,2,42,2,27,0,0,159.95610046387,159.95610046387,-0.23041278123856,0.00016772747039795,0x801FABDC,0x801FABDC,0x801FABDC,0x801FABDC,true,false,false,false,true,false,false,false
3176,SAMPLE,WAITING_RESULT,true,2,42,2,29,0,0,159.97207641602,159.97207641602,-0.1465607881546,7.1883201599121e-05,0x801FABDC,0x801FABDC,0x801FABDC,0x801FABDC,true,false,false,false,true,false,false,false
3178,SAMPLE,WAITING_RESULT,true,2,42,2,31,0,0,159.9793548584,159.9793548584,-0.10835888236761,2.3961067199707e-05,0x801FABDC,0x801FABDC,0x801FABDC,0x801FABDC,true,false,false,false,true,false,false,false
3180,SAMPLE,WAITING_RESULT,true,2,42,2,33,0,0,159.9793548584,159.9793548584,-0.10835888236761,2.3961067199707e-05,0x801FABDC,0x801FABDC,0x801FABDC,0x801FABDC,true,false,false,false,true,false,false,false
3182,SAMPLE,WAITING_RESULT,true,2,42,2,35,0,0,147.48553466797,147.48553466797,-65.542655944824,0.065554618835449,0x801FABDC,0x801FABDC,0x801FABDC,0x801FABDC,false,true,true,true,true,false,false,false
3184,SAMPLE,WAITING_RESULT,true,2,42,2,37,0,0,139.37893676758,139.37893676758,-107.58123016357,0.10778784751892,0x801FABDC,0x801FABDC,0x801FABDC,0x801FABDC,false,true,true,true,true,false,false,false
3186,SAMPLE,WAITING_RESULT,true,2,42,2,39,0,0,133.05258178711,133.05258178711,-139.95268249512,0.1404812335968,0x801FABDC,0x801FABDC,0x801FABDC,0x801FABDC,false,true,true,true,true,false,false,false
3188,SAMPLE,WAITING_RESULT,true,2,42,2,41,0,0,128.03880310059,128.03880310059,-165.25929260254,0.16617572307587,0x801FABDC,0x801FABDC,0x801FABDC,0x801FABDC,false,true,true,true,true,false,false,false
3190,SAMPLE,WAITING_RESULT,true,2,42,2,43,0,0,124.06254577637,124.06254577637,-185.07447814941,0.18640553951263,0x801FABDC,0x801FABDC,0x801FABDC,0x801FABDC,false,true,true,true,true,false,false,false
3192,SAMPLE,WAITING_RESULT,true,2,42,2,45,0,0,120.94352722168,120.94352722168,-200.4453125,0.2021290063858,0x801FABDC,0x801FABDC,0x801FABDC,0x801FABDC,false,true,true,true,true,false,false,false
3194,SAMPLE,WAITING_RESULT,true,2,42,2,47,0,0,118.45811462402,118.45811462402,-212.59730529785,0.2146407365799,0x801FABDC,0x801FABDC,0x801FABDC,0x801FABDC,false,true,true,true,true,false,false,false
3196,SAMPLE,WAITING_RESULT,true,2,42,2,49,0,0,118.45811462402,118.45811462402,-212.59730529785,0.2146407365799,0x801FABDC,0x801FABDC,0x801FABDC,0x801FABDC,false,true,true,true,true,false,false,false
3198,SAMPLE,WAITING_RESULT,true,2,42,2,51,0,0,116.4070892334,116.4070892334,-222.56828308105,0.22489941120148,0x801FABDC,0x801FABDC,0x801FABDC,0x801FABDC,false,true,true,true,true,false,false,false
3200,SAMPLE,WAITING_RESULT,true,2,42,2,53,0,0,114.74140167236,114.74140167236,-230.63114929199,0.23319268226624,0x801FABDC,0x801FABDC,0x801FABDC,0x801FABDC,false,true,true,true,true,false,false,false
3202,SAMPLE,WAITING_RESULT,true,2,42,2,55,0,0,113.42872619629,113.42872619629,-236.9693145752,0.23971211910248,0x801FABDC,0x801FABDC,0x801FABDC,0x801FABDC,false,true,true,true,true,false,false,false
3204,SAMPLE,WAITING_RESULT,true,2,42,2,57,0,0,112.35809326172,112.35809326172,-242.13150024414,0.24498522281647,0x801FABDC,0x801FABDC,0x801FABDC,0x801FABDC,false,true,true,true,true,false,false,false
3206,SAMPLE,WAITING_RESULT,true,2,42,2,59,0,0,111.0883026123,111.0883026123,-248.25213623047,0.25126504898071,0x801FABDC,0x801FABDC,0x801FABDC,0x801FABDC,false,true,true,true,true,false,false,false
3208,SAMPLE,WAITING_RESULT,true,2,42,2,61,0,0,110.43135070801,110.43135070801,-251.41719055176,0.25452494621277,0x801FABDC,0x801FABDC,0x801FABDC,0x801FABDC,false,true,true,true,true,false,false,false
3210,SAMPLE,WAITING_RESULT,true,2,42,2,63,0,0,110.43135070801,110.43135070801,-251.41719055176,0.25452494621277,0x801FABDC,0x801FABDC,0x801FABDC,0x801FABDC,false,true,true,true,true,false,false,false
3212,SAMPLE,WAITING_RESULT,true,2,42,2,65,0,0,109.99403381348,109.99403381348,-253.53207397461,0.25663411617279,0x801FABDC,0x801FABDC,0x801FABDC,0x801FABDC,false,true,true,true,true,false,false,false
3214,SAMPLE,WAITING_RESULT,true,2,42,2,67,0,0,109.72289276123,109.72289276123,-254.84985351563,0.25797641277313,0x801FABDC,0x801FABDC,0x801FABDC,0x801FABDC,false,true,true,true,true,false,false,false
3216,SAMPLE,WAITING_RESULT,true,2,42,2,69,0,0,109.51676177979,109.51676177979,-255.85273742676,0.2589830160141,0x801FABDC,0x801FABDC,0x801FABDC,0x801FABDC,false,true,true,true,true,false,false,false
3218,SAMPLE,WAITING_RESULT,true,2,42,2,71,0,0,109.40501403809,109.40501403809,-256.40335083008,0.25951039791107,0x801FABDC,0x801FABDC,0x801FABDC,0x801FABDC,false,true,true,true,true,false,false,false
3220,SAMPLE,WAITING_RESULT,true,2,42,2,73,0,0,109.4740524292,109.4740524292,-256.09072875977,0.25922274589539,0x801FABDC,0x801FABDC,0x801FABDC,0x801FABDC,false,true,true,true,true,false,false,false
3222,SAMPLE,WAITING_RESULT,true,2,42,2,75,0,0,109.62619018555,109.62619018555,-255.38064575195,0.25845575332642,0x801FABDC,0x801FABDC,0x801FABDC,0x801FABDC,false,true,true,true,true,false,false,false
3224,SAMPLE,WAITING_RESULT,true,2,42,2,77,0,0,109.72674560547,109.72674560547,-254.91552734375,0.25792849063873,0x801FABDC,0x801FABDC,0x801FABDC,0x801FABDC,false,true,true,true,true,false,false,false
3226,SAMPLE,WAITING_RESULT,true,2,42,2,79,0,0,109.72674560547,109.72674560547,-254.91552734375,0.25792849063873,0x801FABDC,0x801FABDC,0x801FABDC,0x801FABDC,false,true,true,true,true,false,false,false
3228,SAMPLE,WAITING_RESULT,true,2,42,2,81,0,0,109.78294372559,109.78294372559,-254.6625213623,0.25768876075745,0x801FABDC,0x801FABDC,0x801FABDC,0x801FABDC,false,true,true,true,true,false,false,false
3230,SAMPLE,WAITING_RESULT,true,2,42,2,83,0,0,109.93795776367,109.93795776367,-253.9402923584,0.25692176818848,0x801FABDC,0x801FABDC,0x801FABDC,0x801FABDC,false,true,true,true,true,false,false,false
3232,SAMPLE,WAITING_RESULT,true,2,42,2,85,0,0,110.33529663086,110.33529663086,-252.06317138672,0.25500428676605,0x801FABDC,0x801FABDC,0x801FABDC,0x801FABDC,false,true,true,true,true,false,false,false
3234,SAMPLE,WAITING_RESULT,true,2,42,2,87,0,0,110.83522796631,110.83522796631,-249.69593811035,0.25251150131226,0x801FABDC,0x801FABDC,0x801FABDC,0x801FABDC,false,true,true,true,true,false,false,false
3236,SAMPLE,WAITING_RESULT,true,2,42,2,89,0,0,111.27424621582,111.27424621582,-247.6199798584,0.25035429000854,0x801FABDC,0x801FABDC,0x801FABDC,0x801FABDC,false,true,true,true,true,false,false,false
3238,SAMPLE,WAITING_RESULT,true,2,42,2,91,0,0,111.75212097168,111.75212097168,-245.35876464844,0.24800539016724,0x801FABDC,0x801FABDC,0x801FABDC,0x801FABDC,false,true,true,true,true,false,false,false
3240,SAMPLE,WAITING_RESULT,true,2,42,2,93,0,0,111.75212097168,111.75212097168,-245.35876464844,0.24800539016724,0x801FABDC,0x801FABDC,0x801FABDC,0x801FABDC,false,true,true,true,true,false,false,false
3242,SAMPLE,WAITING_RESULT,true,2,42,2,95,0,0,112.44500732422,112.44500732422,-242.07109069824,0.24460172653198,0x801FABDC,0x801FABDC,0x801FABDC,0x801FABDC,false,true,true,true,true,false,false,false
3244,SAMPLE,WAITING_RESULT,true,2,42,2,97,0,0,112.76505279541,112.76505279541,-240.55387878418,0.24297189712524,0x801FABDC,0x801FABDC,0x801FABDC,0x801FABDC,false,true,true,true,true,false,false,false
3246,SAMPLE,WAITING_RESULT,true,2,42,2,99,0,0,113.03356933594,113.03356933594,-239.27920532227,0.24167764186859,0x801FABDC,0x801FABDC,0x801FABDC,0x801FABDC,false,true,true,true,true,false,false,false
3248,SAMPLE,WAITING_RESULT,true,2,42,2,101,0,0,113.27912139893,113.27912139893,-238.10989379883,0.24043118953705,0x801FABDC,0x801FABDC,0x801FABDC,0x801FABDC,false,true,true,true,true,false,false,false
3250,SAMPLE,WAITING_RESULT,true,2,42,2,103,0,0,113.57905578613,113.57905578613,-236.67547607422,0.23894512653351,0x801FABDC,0x801FABDC,0x801FABDC,0x801FABDC,false,true,true,true,true,false,false,false
3252,SAMPLE,WAITING_RESULT,true,2,42,2,105,0,0,113.95054626465,113.95054626465,-234.8928527832,0.23712348937988,0x801FABDC,0x801FABDC,0x801FABDC,0x801FABDC,false,true,true,true,true,false,false,false
3254,SAMPLE,WAITING_RESULT,true,2,42,2,107,0,0,113.95054626465,113.95054626465,-234.8928527832,0.23712348937988,0x801FABDC,0x801FABDC,0x801FABDC,0x801FABDC,false,true,true,true,true,false,false,false
3256,SAMPLE,WAITING_RESULT,true,2,42,2,109,0,0,114.28088378906,114.28088378906,-233.30502319336,0.23549365997314,0x801FABDC,0x801FABDC,0x801FABDC,0x801FABDC,false,true,true,true,true,false,false,false
3258,SAMPLE,WAITING_RESULT,true,2,42,2,111,0,0,114.46472167969,114.46472167969,-232.42205810547,0.23458278179169,0x801FABDC,0x801FABDC,0x801FABDC,0x801FABDC,false,true,true,true,true,false,false,false
3260,SAMPLE,WAITING_RESULT,true,2,42,2,113,0,0,114.52829742432,114.52829742432,-232.11973571777,0.2342472076416,0x801FABDC,0x801FABDC,0x801FABDC,0x801FABDC,false,true,true,true,true,false,false,false
3262,SAMPLE,WAITING_RESULT,true,2,42,2,115,0,0,114.53739929199,114.53739929199,-232.08113098145,0.2341992855072,0x801FABDC,0x801FABDC,0x801FABDC,0x801FABDC,false,true,true,true,true,false,false,false
3264,SAMPLE,WAITING_RESULT,true,2,42,2,117,0,0,114.52992248535,114.52992248535,-232.1197052002,0.2342472076416,0x801FABDC,0x801FABDC,0x801FABDC,0x801FABDC,false,true,true,true,true,false,false,false
3266,SAMPLE,WAITING_RESULT,true,2,42,2,119,0,0,114.35977935791,114.35977935791,-232.94305419922,0.23511016368866,0x801FABDC,0x801FABDC,0x801FABDC,0x801FABDC,false,true,true,true,true,false,false,false
3267,SHOT_FAILED,SHOT_FAILED,true,2,42,2,120,0,0,114.35977935791,114.35977935791,-232.94305419922,0.23511016368866,0x801FABDC,0x801FABDC,0x801FABDC,0x801FABDC,false,true,true,true,true,false,false,false
3268,COMPLETE_FAILED,COMPLETE,true,2,42,2,120,0,0,114.15272521973,114.15272521973,-233.94329833984,0.23611676692963,0x801FABDC,0x801FABDC,0x801FABDC,0x801FABDC,false,true,true,true,true,false,false,false
3268,SAMPLE,COMPLETE,false,2,42,2,120,0,0,114.15272521973,114.15272521973,-233.94329833984,0.23611676692963,0x801FABDC,0x801FABDC,0x801FABDC,0x801FABDC,false,true,true,true,true,false,false,false
3270,SAMPLE,COMPLETE,false,2,42,2,120,0,0,114.02205657959,114.02205657959,-234.57405090332,0.2367399930954,0x801FABDC,0x801FABDC,0x801FABDC,0x801FABDC,false,true,true,true,true,false,false,false
3272,SAMPLE,COMPLETE,false,2,42,2,120,0,0,114.02205657959,114.02205657959,-234.57405090332,0.2367399930954,0x801FABDC,0x801FABDC,0x801FABDC,0x801FABDC,false,true,true,true,true,false,false,false
3274,SAMPLE,COMPLETE,false,2,42,2,120,0,0,113.91604614258,113.91604614258,-235.08534240723,0.23731517791748,0x801FABDC,0x801FABDC,0x801FABDC,0x801FABDC,false,true,true,true,true,false,false,false
3276,SAMPLE,COMPLETE,false,2,42,2,120,0,0,113.82434082031,113.82434082031,-235.52731323242,0.23774659633636,0x801FABDC,0x801FABDC,0x801FABDC,0x801FABDC,false,true,true,true,true,false,false,false
3278,SAMPLE,COMPLETE,false,2,42,2,120,0,0,113.75328063965,113.75328063965,-235.86959838867,0.23813009262085,0x801FABDC,0x801FABDC,0x801FABDC,0x801FABDC,false,true,true,true,true,false,false,false
3280,SAMPLE,COMPLETE,false,2,42,2,120,0,0,113.68607330322,113.68607330322,-236.19319152832,0.23841774463654,0x801FABDC,0x801FABDC,0x801FABDC,0x801FABDC,false,true,true,true,true,false,false,false
3282,SAMPLE,COMPLETE,false,2,42,2,120,0,0,113.59483337402,113.59483337402,-236.63200378418,0.23889720439911,0x801FABDC,0x801FABDC,0x801FABDC,0x801FABDC,false,true,true,true,true,false,false,false
3284,SAMPLE,COMPLETE,false,2,42,2,120,0,0,113.53018188477,113.53018188477,-236.94268798828,0.23923277854919,0x801FABDC,0x801FABDC,0x801FABDC,0x801FABDC,false,true,true,true,true,false,false,false
3286,SAMPLE,COMPLETE,false,2,42,2,120,0,0,113.46746826172,113.46746826172,-236.94268798828,0.23923277854919,0x801FABDC,0x801FABDC,0x801FABDC,0x801FABDC,false,true,true,true,true,false,false,false
3288,SAMPLE,COMPLETE,false,2,42,2,120,0,0,113.46746826172,113.46746826172,-237.24391174316,0.23952043056488,0x801FABDC,0x801FABDC,0x801FABDC,0x801FABDC,false,true,true,true,true,false,false,false
3290,SAMPLE,COMPLETE,false,2,42,2,120,0,0,113.40599060059,113.40599060059,-237.53903198242,0.23980808258057,0x801FABDC,0x801FABDC,0x801FABDC,0x801FABDC,false,true,true,true,true,false,false,false
3292,SAMPLE,COMPLETE,false,2,42,2,120,0,0,113.34551239014,113.34551239014,-237.82922363281,0.24014365673065,0x801FABDC,0x801FABDC,0x801FABDC,0x801FABDC,false,true,true,true,true,false,false,false
3294,SAMPLE,COMPLETE,false,2,42,2,120,0,0,113.28706359863,113.28706359863,-238.10954284668,0.24043118953705,0x801FABDC,0x801FABDC,0x801FABDC,0x801FABDC,false,true,true,true,true,false,false,false
3296,SAMPLE,COMPLETE,false,2,42,2,120,0,0,113.2333984375,113.2333984375,-238.36683654785,0.24067091941833,0x801FABDC,0x801FABDC,0x801FABDC,0x801FABDC,false,true,true,true,true,false,false,false
3298,SAMPLE,COMPLETE,false,2,42,2,120,0,0,113.28019714355,113.28019714355,-238.14120483398,0.24043118953705,0x801FABDC,0x801FABDC,0x801FABDC,0x801FABDC,false,true,true,true,true,false,false,false
3300,SAMPLE,COMPLETE,false,2,42,2,120,0,0,113.33673095703,113.33673095703,-237.8690032959,0.24014365673065,0x801FABDC,0x801FABDC,0x801FABDC,0x801FABDC,false,true,true,true,true,false,false,false
3302,SAMPLE,COMPLETE,false,2,42,2,120,0,0,113.33673095703,113.33673095703,-237.8690032959,0.24014365673065,0x801FABDC,0x801FABDC,0x801FABDC,0x801FABDC,false,true,true,true,true,false,false,false
3304,SAMPLE,COMPLETE,false,2,42,2,120,0,0,113.44697570801,113.44697570801,-237.33831787109,0.23961627483368,0x801FABDC,0x801FABDC,0x801FABDC,0x801FABDC,false,true,true,true,true,false,false,false
3306,SAMPLE,COMPLETE,false,2,42,2,120,0,0,113.60397338867,113.60397338867,-236.58222961426,0.23884928226471,0x801FABDC,0x801FABDC,0x801FABDC,0x801FABDC,false,true,true,true,true,false,false,false
3308,SAMPLE,COMPLETE,false,2,42,2,120,0,0,113.76388549805,113.76388549805,-235.81123352051,0.23803424835205,0x801FABDC,0x801FABDC,0x801FABDC,0x801FABDC,false,true,true,true,true,false,false,false
3310,SAMPLE,COMPLETE,false,2,42,2,120,0,0,113.90817260742,113.90817260742,-235.11473083496,0.23731517791748,0x801FABDC,0x801FABDC,0x801FABDC,0x801FABDC,false,true,true,true,true,false,false,false
3312,SAMPLE,COMPLETE,false,2,42,2,120,0,0,114.06658172607,114.06658172607,-234.34880065918,0.23654818534851,0x801FABDC,0x801FABDC,0x801FABDC,0x801FABDC,false,true,true,true,true,false,false,false
3314,SAMPLE,COMPLETE,false,2,42,2,120,0,0,114.15090179443,114.15090179443,-233.9405670166,0.23611676692963,0x801FABDC,0x801FABDC,0x801FABDC,0x801FABDC,false,true,true,true,true,false,false,false
3316,SAMPLE,COMPLETE,false,2,42,2,120,0,0,114.1854019165,114.1854019165,-233.77238464355,0.23592507839203,0x801FABDC,0x801FABDC,0x801FABDC,0x801FABDC,false,true,true,true,true,false,false,false
3318,SAMPLE,COMPLETE,false,2,42,2,120,0,0,114.1854019165,114.1854019165,-233.77238464355,0.23592507839203,0x801FABDC,0x801FABDC,0x801FABDC,0x801FABDC,false,true,true,true,true,false,false,false
3320,SAMPLE,COMPLETE,false,2,42,2,120,0,0,114.16893005371,114.16893005371,-233.84996032715,0.23602092266083,0x801FABDC,0x801FABDC,0x801FABDC,0x801FABDC,false,true,true,true,true,false,false,false
3322,SAMPLE,COMPLETE,false,2,42,2,120,0,0,114.10359954834,114.10359954834,-234.1630859375,0.23635649681091,0x801FABDC,0x801FABDC,0x801FABDC,0x801FABDC,false,true,true,true,true,false,false,false
3324,SAMPLE,COMPLETE,false,2,42,2,120,0,0,114.0089263916,114.0089263916,-234.61837768555,0.2368358373642,0x801FABDC,0x801FABDC,0x801FABDC,0x801FABDC,false,true,true,true,true,false,false,false
3326,SAMPLE,COMPLETE,false,2,42,2,120,0,0,113.90055847168,113.90055847168,-235.13934326172,0.23736310005188,0x801FABDC,0x801FABDC,0x801FABDC,0x801FABDC,false,true,true,true,true,false,false,false
3328,SAMPLE,COMPLETE,false,2,42,2,120,0,0,113.8111114502,113.8111114502,-235.56727600098,0.23784255981445,0x801FABDC,0x801FABDC,0x801FABDC,0x801FABDC,false,true,true,true,true,false,false,false
3330,SAMPLE,COMPLETE,false,2,42,2,120,0,0,113.80184936523,113.80184936523,-235.60827636719,0.23784255981445,0x801FABDC,0x801FABDC,0x801FABDC,0x801FABDC,false,true,true,true,true,false,false,false
3332,SAMPLE,COMPLETE,false,2,42,2,120,0,0,113.80184936523,113.80184936523,-235.60827636719,0.23784255981445,0x801FABDC,0x801FABDC,0x801FABDC,0x801FABDC,false,true,true,true,true,false,false,false
3334,SAMPLE,COMPLETE,false,2,42,2,120,0,0,113.86889648438,113.86889648438,-235.28024291992,0.23750698566437,0x801FABDC,0x801FABDC,0x801FABDC,0x801FABDC,false,true,true,true,true,false,false,false
3336,SAMPLE,COMPLETE,false,2,42,2,120,0,0,113.94868469238,113.94868469238,-234.890625,0.23712348937988,0x801FABDC,0x801FABDC,0x801FABDC,0x801FABDC,false,true,true,true,true,false,false,false
3338,SAMPLE,COMPLETE,false,2,42,2,120,0,0,114.07025909424,114.07025909424,-234.30003356934,0.23654818534851,0x801FABDC,0x801FABDC,0x801FABDC,0x801FABDC,false,true,true,true,true,false,false,false
3340,SAMPLE,COMPLETE,false,2,42,2,120,0,0,114.23077392578,114.23077392578,-233.52230834961,0.23573327064514,0x801FABDC,0x801FABDC,0x801FABDC,0x801FABDC,false,true,true,true,true,false,false,false
3342,SAMPLE,COMPLETE,false,2,42,2,120,0,0,114.3952331543,114.3952331543,-232.72611999512,0.23491835594177,0x801FABDC,0x801FABDC,0x801FABDC,0x801FABDC,false,true,true,true,true,false,false,false
3344,SAMPLE,COMPLETE,false,2,42,2,120,0,0,114.55416870117,114.55416870117,-231.95671081543,0.2341034412384,0x801FABDC,0x801FABDC,0x801FABDC,0x801FABDC,false,true,true,true,true,false,false,false
3346,SAMPLE,COMPLETE,false,2,42,2,120,0,0,114.72106933594,114.72106933594,-231.14855957031,0.23328852653503,0x801FABDC,0x801FABDC,0x801FABDC,0x801FABDC,false,true,true,true,true,false,false,false
3348,SAMPLE,COMPLETE,false,2,42,2,120,0,0,114.97370147705,114.97370147705,-229.92346191406,0.23328852653503,0x801FABDC,0x801FABDC,0x801FABDC,0x801FABDC,false,true,true,true,true,false,false,false
3350,SAMPLE,COMPLETE,false,2,42,2,120,0,0,114.97370147705,114.97370147705,-229.92346191406,0.23204219341278,0x801FABDC,0x801FABDC,0x801FABDC,0x801FABDC,false,true,true,true,true,false,false,false
3352,SAMPLE,COMPLETE,false,2,42,2,120,0,0,115.24900817871,115.24900817871,-228.58589172363,0.23065185546875,0x801FABDC,0x801FABDC,0x801FABDC,0x801FABDC,false,true,true,true,true,false,false,false
3354,SAMPLE,COMPLETE,false,2,42,2,120,0,0,115.46465301514,115.46465301514,-227.53701782227,0.22959721088409,0x801FABDC,0x801FABDC,0x801FABDC,0x801FABDC,false,true,true,true,true,false,false,false
3356,SAMPLE,COMPLETE,false,2,42,2,120,0,0,115.67420959473,115.67420959473,-226.515625,0.22854268550873,0x801FABDC,0x801FABDC,0x801FABDC,0x801FABDC,false,true,true,true,true,false,false,false
3358,SAMPLE,COMPLETE,false,2,42,2,120,0,0,115.86793518066,115.86793518066,-225.57051086426,0.22758388519287,0x801FABDC,0x801FABDC,0x801FABDC,0x801FABDC,false,true,true,true,true,false,false,false
3360,SAMPLE,COMPLETE,false,2,42,2,120,0,0,116.16468811035,116.16468811035,-224.12118530273,0.22609782218933,0x801FABDC,0x801FABDC,0x801FABDC,0x801FABDC,false,true,true,true,true,false,false,false
3362,SAMPLE,COMPLETE,false,2,42,2,120,0,0,116.16468811035,116.16468811035,-224.12118530273,0.22609782218933,0x801FABDC,0x801FABDC,0x801FABDC,0x801FABDC,false,true,true,true,true,false,false,false
3364,SAMPLE,COMPLETE,false,2,42,2,120,0,0,116.46458435059,116.46458435059,-222.65336608887,0.22461175918579,0x801FABDC,0x801FABDC,0x801FABDC,0x801FABDC,false,true,true,true,true,false,false,false
3366,SAMPLE,COMPLETE,false,2,42,2,120,0,0,116.67866516113,116.67866516113,-221.60374450684,0.22355723381042,0x801FABDC,0x801FABDC,0x801FABDC,0x801FABDC,false,true,true,true,true,false,false,false
3368,SAMPLE,COMPLETE,false,2,42,2,120,0,0,116.81970214844,116.81970214844,-220.91146850586,0.22283804416656,0x801FABDC,0x801FABDC,0x801FABDC,0x801FABDC,false,true,true,true,true,false,false,false
3370,SAMPLE,COMPLETE,false,2,42,2,120,0,0,116.88103485107,116.88103485107,-220.61125183105,0.22250247001648,0x801FABDC,0x801FABDC,0x801FABDC,0x801FABDC,false,true,true,true,true,false,false,false
3372,SAMPLE,COMPLETE,false,2,42,2,120,0,0,116.86364746094,116.86364746094,-220.69638061523,0.22259831428528,0x801FABDC,0x801FABDC,0x801FABDC,0x801FABDC,false,true,true,true,true,false,false,false
3374,SAMPLE,COMPLETE,false,2,42,2,120,0,0,116.77899932861,116.77899932861,-221.11090087891,0.22302973270416,0x801FABDC,0x801FABDC,0x801FABDC,0x801FABDC,false,true,true,true,true,false,false,false
3376,SAMPLE,COMPLETE,false,2,42,2,120,0,0,116.77899932861,116.77899932861,-221.11090087891,0.22302973270416,0x801FABDC,0x801FABDC,0x801FABDC,0x801FABDC,false,true,true,true,true,false,false,false
3378,SAMPLE,COMPLETE,false,2,42,2,120,0,0,116.67448425293,116.67448425293,-221.62351989746,0.22355723381042,0x801FABDC,0x801FABDC,0x801FABDC,0x801FABDC,false,true,true,true,true,false,false,false
3380,SAMPLE,COMPLETE,false,2,42,2,120,0,0,116.56539916992,116.56539916992,-222.15797424316,0.22413241863251,0x801FABDC,0x801FABDC,0x801FABDC,0x801FABDC,false,true,true,true,true,false,false,false
3382,SAMPLE,COMPLETE,false,2,42,2,120,0,0,116.40780639648,116.40780639648,-222.92903137207,0.22489941120148,0x801FABDC,0x801FABDC,0x801FABDC,0x801FABDC,false,true,true,true,true,false,false,false
3384,SAMPLE,COMPLETE,false,2,42,2,120,0,0,116.30534362793,116.30534362793,-223.43045043945,0.22542679309845,0x801FABDC,0x801FABDC,0x801FABDC,0x801FABDC,false,true,true,true,true,false,false,false
3386,SAMPLE,COMPLETE,false,2,42,2,120,0,0,116.30534362793,116.30534362793,-223.43045043945,0.22542679309845,0x801FABDC,0x801FABDC,0x801FABDC,0x801FABDC,false,true,true,true,true,false,false,false
3388,SAMPLE,COMPLETE,false,2,42,2,120,0,0,116.21612548828,116.21612548828,-223.86572265625,0.22585821151733,0x801FABDC,0x801FABDC,0x801FABDC,0x801FABDC,false,true,true,true,true,false,false,false
3390,SAMPLE,COMPLETE,false,2,42,2,120,0,0,116.14639282227,116.14639282227,-224.20608520508,0.22619378566742,0x801FABDC,0x801FABDC,0x801FABDC,0x801FABDC,false,true,true,true,true,false,false,false
3392,SAMPLE,COMPLETE,false,2,42,2,120,0,0,116.09823608398,116.09823608398,-224.44117736816,0.22643339633942,0x801FABDC,0x801FABDC,0x801FABDC,0x801FABDC,false,true,true,true,true,false,false,false
3394,SAMPLE,COMPLETE,false,2,42,2,120,0,0,116.05655670166,116.05655670166,-224.64431762695,0.2266731262207,0x801FABDC,0x801FABDC,0x801FABDC,0x801FABDC,false,true,true,true,true,false,false,false
3396,SAMPLE,COMPLETE,false,2,42,2,120,0,0,116.01811981201,116.01811981201,-224.8318939209,0.2268648147583,0x801FABDC,0x801FABDC,0x801FABDC,0x801FABDC,false,true,true,true,true,false,false,false
3398,SAMPLE,COMPLETE,false,2,42,2,120,0,0,115.99697113037,115.99697113037,-224.93539428711,0.22696077823639,0x801FABDC,0x801FABDC,0x801FABDC,0x801FABDC,false,true,true,true,true,false,false,false
3400,SAMPLE,COMPLETE,false,2,42,2,120,0,0,115.99697113037,115.99697113037,-224.93539428711,0.22696077823639,0x801FABDC,0x801FABDC,0x801FABDC,0x801FABDC,false,true,true,true,true,false,false,false
3402,SAMPLE,COMPLETE,false,2,42,2,120,0,0,115.98690032959,115.98690032959,-224.98475646973,0.22700870037079,0x801FABDC,0x801FABDC,0x801FABDC,0x801FABDC,false,true,true,true,true,false,false,false
3404,SAMPLE,COMPLETE,false,2,42,2,120,0,0,115.98146057129,115.98146057129,-225.0122833252,0.22705662250519,0x801FABDC,0x801FABDC,0x801FABDC,0x801FABDC,false,true,true,true,true,false,false,false
3406,SAMPLE,COMPLETE,false,2,42,2,120,0,0,115.970703125,115.970703125,-225.06552124023,0.22705662250519,0x801FABDC,0x801FABDC,0x801FABDC,0x801FABDC,false,true,true,true,true,false,false,false
3408,SAMPLE,COMPLETE,false,2,42,2,120,0,0,115.95393371582,115.95393371582,-225.14849853516,0.22715246677399,0x801FABDC,0x801FABDC,0x801FABDC,0x801FABDC,false,true,true,true,true,false,false,false
3410,SAMPLE,COMPLETE,false,2,42,2,120,0,0,115.95393371582,115.95393371582,-225.14849853516,0.22715246677399,0x801FABDC,0x801FABDC,0x801FABDC,0x801FABDC,false,true,true,true,true,false,false,false
3412,SAMPLE,COMPLETE,false,2,42,2,120,0,0,115.87177276611,115.87177276611,-225.55279541016,0.22758388519287,0x801FABDC,0x801FABDC,0x801FABDC,0x801FABDC,false,true,true,true,true,false,false,false
3414,SAMPLE,COMPLETE,false,2,42,2,120,0,0,115.72708892822,115.72708892822,-226.2666015625,0.22830295562744,0x801FABDC,0x801FABDC,0x801FABDC,0x801FABDC,false,true,true,true,true,false,false,false
3416,SAMPLE,COMPLETE,false,2,42,2,120,0,0,115.51303100586,115.51303100586,-227.32211303711,0.2293576002121,0x801FABDC,0x801FABDC,0x801FABDC,0x801FABDC,false,true,true,true,true,false,false,false
3418,SAMPLE,COMPLETE,false,2,42,2,120,0,0,115.36946105957,115.36946105957,-228.0308380127,0.23007667064667,0x801FABDC,0x801FABDC,0x801FABDC,0x801FABDC,false,true,true,true,true,false,false,false
3420,SAMPLE,COMPLETE,false,2,42,2,120,0,0,115.36946105957,115.36946105957,-228.0308380127,0.23007667064667,0x801FABDC,0x801FABDC,0x801FABDC,0x801FABDC,false,true,true,true,true,false,false,false
3422,SAMPLE,COMPLETE,false,2,42,2,120,0,0,115.19264221191,115.19264221191,-228.90411376953,0.23093950748444,0x801FABDC,0x801FABDC,0x801FABDC,0x801FABDC,false,true,true,true,true,false,false,false
3424,SAMPLE,COMPLETE,false,2,42,2,120,0,0,115.11863708496,115.11863708496,-229.27372741699,0.23132312297821,0x801FABDC,0x801FABDC,0x801FABDC,0x801FABDC,false,true,true,true,true,false,false,false
3426,SAMPLE,COMPLETE,false,2,42,2,120,0,0,115.03323364258,115.03323364258,-229.69827270508,0.23175454139709,0x801FABDC,0x801FABDC,0x801FABDC,0x801FABDC,false,true,true,true,true,false,false,false
3428,SAMPLE,COMPLETE,false,2,42,2,120,0,0,114.89233398438,114.89233398438,-230.38381958008,0.23175454139709,0x801FABDC,0x801FABDC,0x801FABDC,0x801FABDC,false,true,true,true,true,false,false,false
3430,SAMPLE,COMPLETE,false,2,42,2,120,0,0,114.89233398438,114.89233398438,-230.38381958008,0.23247361183167,0x801FABDC,0x801FABDC,0x801FABDC,0x801FABDC,false,true,true,true,true,false,false,false
3432,SAMPLE,COMPLETE,false,2,42,2,120,0,0,114.6382522583,114.6382522583,-231.61322021484,0.23371994495392,0x801FABDC,0x801FABDC,0x801FABDC,0x801FABDC,false,true,true,true,true,false,false,false
3434,SAMPLE,COMPLETE,false,2,42,2,120,0,0,114.29594421387,114.29594421387,-233.26420593262,0.23539769649506,0x801FABDC,0x801FABDC,0x801FABDC,0x801FABDC,false,true,true,true,true,false,false,false
3436,SAMPLE,COMPLETE,false,2,42,2,120,0,0,113.96385192871,113.96385192871,-234.86421203613,0.23702764511108,0x801FABDC,0x801FABDC,0x801FABDC,0x801FABDC,false,true,true,true,true,false,false,false
3438,SAMPLE,COMPLETE,false,2,42,2,120,0,0,113.96385192871,113.96385192871,-234.86421203613,0.23702764511108,0x801FABDC,0x801FABDC,0x801FABDC,0x801FABDC,false,true,true,true,true,false,false,false
3440,SAMPLE,COMPLETE,false,2,42,2,120,0,0,113.45891571045,113.45891571045,-237.29383850098,0.23956835269928,0x801FABDC,0x801FABDC,0x801FABDC,0x801FABDC,false,true,true,true,true,false,false,false
3442,SAMPLE,COMPLETE,false,2,42,2,120,0,0,125.57820892334,125.57820892334,-177.7866973877,0.17868757247925,0x801FABDC,0x801FABDC,0x801FABDC,0x801FABDC,false,true,true,true,true,false,false,false
3444,SAMPLE,COMPLETE,false,2,42,2,120,0,0,134.54164123535,134.54164123535,-132.4434967041,0.13281118869781,0x801FABDC,0x801FABDC,0x801FABDC,0x801FABDC,false,true,true,true,true,false,false,false
3446,SAMPLE,COMPLETE,false,2,42,2,120,0,0,143.8070526123,143.8070526123,-84.685340881348,0.084729790687561,0x801FABDC,0x801FABDC,0x801FABDC,0x801FABDC,false,true,true,true,true,false,false,false
3448,SAMPLE,COMPLETE,false,2,42,2,120,0,0,148.02369689941,148.02369689941,-62.735347747803,0.062726378440857,0x801FABDC,0x801FABDC,0x801FABDC,0x801FABDC,false,true,true,true,true,false,false,false
3450,SAMPLE,COMPLETE,false,2,42,2,120,0,0,148.02369689941,148.02369689941,-62.735347747803,0.062726378440857,0x801FABDC,0x801FABDC,0x801FABDC,0x801FABDC,false,true,true,true,true,false,false,false
3452,SAMPLE,COMPLETE,false,2,42,2,120,0,0,151.14233398438,151.14233398438,-46.440475463867,0.046427607536316,0x801FABDC,0x801FABDC,0x801FABDC,0x801FABDC,false,true,true,true,true,false,false,false
3454,SAMPLE,COMPLETE,false,2,42,2,120,0,0,153.44886779785,153.44886779785,-34.364196777344,0.034347295761108,0x801FABDC,0x801FABDC,0x801FABDC,0x801FABDC,false,true,true,true,true,false,false,false
3456,SAMPLE,COMPLETE,false,2,42,2,120,0,0,155.15478515625,155.15478515625,-25.422552108765,0.025382995605469,0x801FABDC,0x801FABDC,0x801FABDC,0x801FABDC,false,true,true,true,true,false,false,false
3458,SAMPLE,COMPLETE,false,2,42,2,120,0,0,156.91816711426,156.91816711426,-16.173309326172,0.016083121299744,0x801FABDC,0x801FABDC,0x801FABDC,0x801FABDC,false,false,false,false,true,false,false,false
3460,SAMPLE,COMPLETE,false,2,42,2,120,0,0,156.91816711426,156.91816711426,-16.173309326172,0.016083121299744,0x801FABDC,0x801FABDC,0x801FABDC,0x801FABDC,false,false,false,false,true,false,false,false
3462,SAMPLE,COMPLETE,false,2,42,2,120,0,0,158.03977966309,158.03977966309,-10.287942886353,0.010234713554382,0x801FABDC,0x801FABDC,0x801FABDC,0x801FABDC,true,false,false,false,true,false,false,false
3464,SAMPLE,COMPLETE,false,2,42,2,120,0,0,158.75318908691,158.75318908691,-6.5439190864563,0.0064955949783325,0x801FABDC,0x801FABDC,0x801FABDC,0x801FABDC,true,false,false,false,true,false,false,false
3466,SAMPLE,COMPLETE,false,2,42,2,120,0,0,159.07786560059,159.07786560059,-4.8398933410645,0.0047698020935059,0x801FABDC,0x801FABDC,0x801FABDC,0x801FABDC,true,false,false,false,true,false,false,false
3468,SAMPLE,COMPLETE,false,2,42,2,120,0,0,159.41346740723,159.41346740723,-3.0784828662872,0.0029960870742798,0x801FABDC,0x801FABDC,0x801FABDC,0x801FABDC,true,false,false,false,true,false,false,false
3470,SAMPLE,COMPLETE,false,2,42,2,120,0,0,159.56620788574,159.56620788574,-2.2768120765686,0.0022290945053101,0x801FABDC,0x801FABDC,0x801FABDC,0x801FABDC,true,false,false,false,true,false,false,false
3472,SAMPLE,COMPLETE,false,2,42,2,120,0,0,159.56620788574,159.56620788574,-2.2768120765686,0.0022290945053101,0x801FABDC,0x801FABDC,0x801FABDC,0x801FABDC,true,false,false,false,true,false,false,false
3474,SAMPLE,COMPLETE,false,2,42,2,120,0,0,159.67916870117,159.67916870117,-1.683925151825,0.001653790473938,0x801FABDC,0x801FABDC,0x801FABDC,0x801FABDC,true,false,false,false,true,false,false,false
3476,SAMPLE,COMPLETE,false,2,42,2,120,0,0,159.76271057129,159.76271057129,-1.2454454898834,0.0011744499206543,0x801FABDC,0x801FABDC,0x801FABDC,0x801FABDC,true,false,false,false,true,false,false,false
3478,SAMPLE,COMPLETE,false,2,42,2,120,0,0,159.8244934082,159.8244934082,-0.92117029428482,0.00088679790496826,0x801FABDC,0x801FABDC,0x801FABDC,0x801FABDC,true,false,false,false,true,false,false,false
3480,SAMPLE,COMPLETE,false,2,42,2,120,0,0,159.87019348145,159.87019348145,-0.68130731582642,0.00064718723297119,0x801FABDC,0x801FABDC,0x801FABDC,0x801FABDC,true,false,false,false,true,false,false,false
3482,SAMPLE,COMPLETE,false,2,42,2,120,0,0,159.91743469238,159.91743469238,-0.43335536122322,0.00035953521728516,0x801FABDC,0x801FABDC,0x801FABDC,0x801FABDC,true,false,false,false,true,false,false,false
3484,SAMPLE,COMPLETE,false,2,42,2,120,0,0,159.93893432617,159.93893432617,-0.32051163911819,0.00026369094848633,0x801FABDC,0x801FABDC,0x801FABDC,0x801FABDC,true,false,false,false,true,false,false,false
3486,SAMPLE,COMPLETE,false,2,42,2,120,0,0,159.93893432617,159.93893432617,-0.32051163911819,0.00026369094848633,0x801FABDC,0x801FABDC,0x801FABDC,0x801FABDC,true,false,false,false,true,false,false,false
3488,SAMPLE,COMPLETE,false,2,42,2,120,0,0,159.95483398438,159.95483398438,-0.237060084939,0.00016772747039795,0x801FABDC,0x801FABDC,0x801FABDC,0x801FABDC,true,false,false,false,true,false,false,false
3490,SAMPLE,COMPLETE,false,2,42,2,120,0,0,159.96659851074,159.96659851074,-0.17531234025955,0.00011980533599854,0x801FABDC,0x801FABDC,0x801FABDC,0x801FABDC,true,false,false,false,true,false,false,false
3492,SAMPLE,COMPLETE,false,2,42,2,120,0,0,159.97529602051,159.97529602051,-0.12966224551201,7.1883201599121e-05,0x801FABDC,0x801FABDC,0x801FABDC,0x801FABDC,true,false,false,false,true,false,false,false
3494,SAMPLE,COMPLETE,false,2,42,2,120,0,0,159.98428344727,159.98428344727,-0.082490503787994,2.3961067199707e-05,0x801FABDC,0x801FABDC,0x801FABDC,0x801FABDC,true,false,false,false,true,false,false,false
3496,SAMPLE,COMPLETE,false,2,42,2,120,0,0,159.98837280273,159.98837280273,-0.061026953160763,-2.3841857910156e-05,0x801FABDC,0x801FABDC,0x801FABDC,0x801FABDC,true,false,false,false,true,false,false,false
3498,SAMPLE,COMPLETE,false,2,42,2,120,0,0,159.98837280273,159.98837280273,-0.061026953160763,-2.3841857910156e-05,0x801FABDC,0x801FABDC,0x801FABDC,0x801FABDC,true,false,false,false,true,false,false,false
3500,SAMPLE,COMPLETE,false,2,42,2,120,0,0,159.99140930176,159.99140930176,-0.045089468359947,-2.3841857910156e-05,0x801FABDC,0x801FABDC,0x801FABDC,0x801FABDC,true,false,false,false,true,false,false,false
3502,SAMPLE,COMPLETE,false,2,42,2,120,0,0,159.99363708496,159.99363708496,-0.033396638929844,-2.3841857910156e-05,0x801FABDC,0x801FABDC,0x801FABDC,0x801FABDC,true,false,false,false,true,false,false,false
3504,SAMPLE,COMPLETE,false,2,42,2,120,0,0,159.99530029297,159.99530029297,-0.02466706186533,-2.3841857910156e-05,0x801FABDC,0x801FABDC,0x801FABDC,0x801FABDC,true,false,false,false,true,false,false,false
3506,SAMPLE,COMPLETE,false,2,42,2,120,0,0,159.99652099609,159.99652099609,-0.018260031938553,-2.3841857910156e-05,0x801FABDC,0x801FABDC,0x801FABDC,0x801FABDC,true,false,false,false,true,false,false,false
3508,SAMPLE,COMPLETE,false,2,42,2,120,0,0,159.99742126465,159.99742126465,-0.013534849509597,-2.3841857910156e-05,0x801FABDC,0x801FABDC,0x801FABDC,0x801FABDC,true,false,false,false,true,false,false,false
3510,SAMPLE,COMPLETE,false,2,42,2,120,0,0,159.99809265137,159.99809265137,-0.010010982863605,-2.3841857910156e-05,0x801FABDC,0x801FABDC,0x801FABDC,0x801FABDC,true,false,false,false,true,false,false,false
3512,SAMPLE,COMPLETE,false,2,42,2,120,0,0,159.99859619141,159.99859619141,-0.0073680835776031,-2.3841857910156e-05,0x801FABDC,0x801FABDC,0x801FABDC,0x801FABDC,true,false,false,false,true,false,false,false
3514,SAMPLE,COMPLETE,false,2,42,2,120,0,0,159.99859619141,159.99859619141,-0.0073680835776031,-2.3841857910156e-05,0x801FABDC,0x801FABDC,0x801FABDC,0x801FABDC,true,false,false,false,true,false,false,false
3516,SAMPLE,COMPLETE,false,2,42,2,120,0,0,159.99896240234,159.99896240234,-0.0054459748789668,-2.3841857910156e-05,0x801FABDC,0x801FABDC,0x801FABDC,0x801FABDC,true,false,false,false,true,false,false,false
3518,SAMPLE,COMPLETE,false,2,42,2,120,0,0,159.99923706055,159.99923706055,-0.0040043932385743,-2.3841857910156e-05,0x801FABDC,0x801FABDC,0x801FABDC,0x801FABDC,true,false,false,false,true,false,false,false
3520,SAMPLE,COMPLETE,false,2,42,2,120,0,0,159.9994354248,159.9994354248,-0.0029632509686053,-2.3841857910156e-05,0x801FABDC,0x801FABDC,0x801FABDC,0x801FABDC,true,false,false,false,true,false,false,false
3522,SAMPLE,COMPLETE,false,2,42,2,120,0,0,159.99957275391,159.99957275391,-0.002242460148409,-2.3841857910156e-05,0x801FABDC,0x801FABDC,0x801FABDC,0x801FABDC,true,false,false,false,true,false,false,false
3524,SAMPLE,COMPLETE,false,2,42,2,120,0,0,147.50048828125,147.50048828125,-65.464691162109,0.06545877456665,0x801FABDC,0x801FABDC,0x801FABDC,0x801FABDC,false,true,true,true,true,false,false,false
3526,SAMPLE,COMPLETE,false,2,42,2,120,0,0,147.50048828125,147.50048828125,-65.464691162109,0.06545877456665,0x801FABDC,0x801FABDC,0x801FABDC,0x801FABDC,false,true,true,true,true,false,false,false
3528,SAMPLE,COMPLETE,false,2,42,2,120,0,0,131.4280090332,131.4280090332,-148.30516052246,0.14882242679596,0x801FABDC,0x801FABDC,0x801FABDC,0x801FABDC,false,true,true,true,true,false,false,false
3530,SAMPLE,COMPLETE,false,2,42,2,120,0,0,133.4227142334,133.4227142334,-138.15592956543,0.13856375217438,0x801FABDC,0x801FABDC,0x801FABDC,0x801FABDC,false,true,true,true,true,false,false,false
3532,SAMPLE,COMPLETE,false,2,42,2,120,0,0,140.94869995117,140.94869995117,-99.496154785156,0.09963846206665,0x801FABDC,0x801FABDC,0x801FABDC,0x801FABDC,false,true,true,true,true,false,false,false
3534,SAMPLE,COMPLETE,false,2,42,2,120,0,0,148.70570373535,148.70570373535,-59.17463684082,0.059179067611694,0x801FABDC,0x801FABDC,0x801FABDC,0x801FABDC,false,true,true,true,true,false,false,false
3536,SAMPLE,COMPLETE,false,2,42,2,120,0,0,152.21856689453,152.21856689453,-40.806720733643,0.040770888328552,0x801FABDC,0x801FABDC,0x801FABDC,0x801FABDC,false,true,true,true,true,false,false,false
3538,SAMPLE,COMPLETE,false,2,42,2,120,0,0,152.21856689453,152.21856689453,-40.806720733643,0.040770888328552,0x801FABDC,0x801FABDC,0x801FABDC,0x801FABDC,false,true,true,true,true,false,false,false
3540,SAMPLE,COMPLETE,false,2,42,2,120,0,0,154.80973815918,154.80973815918,-27.230592727661,0.027156591415405,0x801FABDC,0x801FABDC,0x801FABDC,0x801FABDC,false,true,true,true,true,false,false,false
3542,SAMPLE,COMPLETE,false,2,42,2,120,0,0,156.7218170166,156.7218170166,-17.202516555786,0.01713764667511,0x801FABDC,0x801FABDC,0x801FABDC,0x801FABDC,false,false,false,false,true,false,false,false
3544,SAMPLE,COMPLETE,false,2,42,2,120,0,0,158.12461853027,158.12461853027,-9.8420476913452,0.0098031759262085,0x801FABDC,0x801FABDC,0x801FABDC,0x801FABDC,true,false,false,false,true,false,false,false
3546,SAMPLE,COMPLETE,false,2,42,2,120,0,0,159.15113830566,159.15113830566,-4.454954624176,0.0043861865997314,0x801FABDC,0x801FABDC,0x801FABDC,0x801FABDC,true,false,false,false,true,false,false,false
3548,SAMPLE,COMPLETE,false,2,42,2,120,0,0,159.88327026367,159.88327026367,-0.61261224746704,0.00055122375488281,0x801FABDC,0x801FABDC,0x801FABDC,0x801FABDC,true,false,false,false,true,false,false,false
3550,SAMPLE,COMPLETE,false,2,42,2,120,0,0,160.41374206543,160.41374206543,2.1713333129883,-0.0021328926086426,0x801FABDC,0x801FABDC,0x801FABDC,0x801FABDC,true,false,false,false,true,false,false,false
3552,SAMPLE,COMPLETE,false,2,42,2,120,0,0,160.81825256348,160.81825256348,4.294126033783,-0.0042424201965332,0x801FABDC,0x801FABDC,0x801FABDC,0x801FABDC,true,false,false,false,true,false,false,false
3554,SAMPLE,COMPLETE,false,2,42,2,120,0,0,161.05369567871,161.05369567871,5.5296020507813,-0.0054888725280762,0x801FABDC,0x801FABDC,0x801FABDC,0x801FABDC,true,false,false,false,true,false,false,false
3556,SAMPLE,COMPLETE,false,2,42,2,120,0,0,161.15185546875,161.15185546875,6.0445971488953,-0.0060162544250488,0x801FABDC,0x801FABDC,0x801FABDC,0x801FABDC,true,false,false,false,true,false,false,false
3558,SAMPLE,COMPLETE,false,2,42,2,120,0,0,161.24600219727,161.24600219727,6.5384931564331,-0.006495475769043,0x801FABDC,0x801FABDC,0x801FABDC,0x801FABDC,true,false,false,false,true,false,false,false
3560,SAMPLE,COMPLETE,false,2,42,2,120,0,0,161.27055358887,161.27055358887,6.6671104431152,-0.0065913200378418,0x801FABDC,0x801FABDC,0x801FABDC,0x801FABDC,true,false,false,false,true,false,false,false
3562,SAMPLE,COMPLETE,false,2,42,2,120,0,0,161.13229370117,161.13229370117,5.9413199424744,-0.0058722496032715,0x801FABDC,0x801FABDC,0x801FABDC,0x801FABDC,true,false,false,false,true,false,false,false
3564,SAMPLE,COMPLETE,false,2,42,2,120,0,0,160.9930267334,160.9930267334,5.2103047370911,-0.0051531791687012,0x801FABDC,0x801FABDC,0x801FABDC,0x801FABDC,true,false,false,false,true,false,false,false
3566,SAMPLE,COMPLETE,false,2,42,2,120,0,0,160.93013000488,160.93013000488,4.8800039291382,-0.0048174858093262,0x801FABDC,0x801FABDC,0x801FABDC,0x801FABDC,true,false,false,false,true,false,false,false
3568,SAMPLE,COMPLETE,false,2,42,2,120,0,0,160.99934387207,160.99934387207,5.2427215576172,-0.0048174858093262,0x801FABDC,0x801FABDC,0x801FABDC,0x801FABDC,true,false,false,false,true,false,false,false
3570,SAMPLE,COMPLETE,false,2,42,2,120,0,0,160.99934387207,160.99934387207,5.2427215576172,-0.0051531791687012,0x801FABDC,0x801FABDC,0x801FABDC,0x801FABDC,true,false,false,false,true,false,false,false
3572,SAMPLE,COMPLETE,false,2,42,2,120,0,0,161.0677947998,161.0677947998,5.6011986732483,-0.0055365562438965,0x801FABDC,0x801FABDC,0x801FABDC,0x801FABDC,true,false,false,false,true,false,false,false
3574,SAMPLE,COMPLETE,false,2,42,2,120,0,0,161.11779785156,161.11779785156,5.8627114295959,-0.0058245658874512,0x801FABDC,0x801FABDC,0x801FABDC,0x801FABDC,true,false,false,false,true,false,false,false
3576,SAMPLE,COMPLETE,false,2,42,2,120,0,0,161.17541503906,161.17541503906,6.1638016700745,-0.0061120986938477,0x801FABDC,0x801FABDC,0x801FABDC,0x801FABDC,true,false,false,false,true,false,false,false
3578,SAMPLE,COMPLETE,false,2,42,2,120,0,0,161.20945739746,161.20945739746,6.3408584594727,-0.0063037872314453,0x801FABDC,0x801FABDC,0x801FABDC,0x801FABDC,true,false,false,false,true,false,false,false
3580,SAMPLE,COMPLETE,false,2,42,2,120,0,0,161.30180358887,161.30180358887,6.8230681419373,-0.0067353248596191,0x801FABDC,0x801FABDC,0x801FABDC,0x801FABDC,true,false,false,false,true,false,false,false
3582,SAMPLE,COMPLETE,false,2,42,2,120,0,0,161.49685668945,161.49685668945,7.8424978256226,-0.0077900886535645,0x801FABDC,0x801FABDC,0x801FABDC,0x801FABDC,true,false,false,false,true,false,false,false
3584,SAMPLE,COMPLETE,false,2,42,2,120,0,0,161.69477844238,161.69477844238,8.875415802002,-0.0088443756103516,0x801FABDC,0x801FABDC,0x801FABDC,0x801FABDC,true,false,false,false,true,false,false,false
3586,SAMPLE,COMPLETE,false,2,42,2,120,0,0,161.81837463379,161.81837463379,9.5173397064209,-0.009467601776123,0x801FABDC,0x801FABDC,0x801FABDC,0x801FABDC,true,false,false,false,true,false,false,false
3588,SAMPLE,COMPLETE,false,2,42,2,120,0,0,161.86763000488,161.86763000488,9.7687702178955,-0.0097551345825195,0x801FABDC,0x801FABDC,0x801FABDC,0x801FABDC,true,false,false,false,true,false,false,false
3590,SAMPLE,COMPLETE,false,2,42,2,120,0,0,161.88383483887,161.88383483887,9.8472728729248,-0.009803295135498,0x801FABDC,0x801FABDC,0x801FABDC,0x801FABDC,true,false,false,false,true,false,false,false
3592,SAMPLE,COMPLETE,false,2,42,2,120,0,0,161.85238647461,161.85238647461,9.6761913299561,-0.0096592903137207,0x801FABDC,0x801FABDC,0x801FABDC,0x801FABDC,true,false,false,false,true,false,false,false
3594,SAMPLE,COMPLETE,false,2,42,2,120,0,0,161.80322265625,161.80322265625,9.4119138717651,-0.0094199180603027,0x801FABDC,0x801FABDC,0x801FABDC,0x801FABDC,true,false,false,false,true,false,false,false
3596,SAMPLE,COMPLETE,false,2,42,2,120,0,0,161.74925231934,161.74925231934,9.1213684082031,-0.009131908416748,0x801FABDC,0x801FABDC,0x801FABDC,0x801FABDC,true,false,false,false,true,false,false,false
3598,SAMPLE,COMPLETE,false,2,42,2,120,0,0,161.72982788086,161.72982788086,9.010106086731,-0.0090360641479492,0x801FABDC,0x801FABDC,0x801FABDC,0x801FABDC,true,false,false,false,true,false,false,false
3600,SAMPLE,COMPLETE,false,2,42,2,120,0,0,161.74453735352,161.74453735352,9.0760622024536,-0.009131908416748,0x801FABDC,0x801FABDC,0x801FABDC,0x801FABDC,true,false,false,false,true,false,false,false
3602,SAMPLE,COMPLETE,false,2,42,2,120,0,0,161.79135131836,161.79135131836,9.3097724914551,-0.0093717575073242,0x801FABDC,0x801FABDC,0x801FABDC,0x801FABDC,true,false,false,false,true,false,false,false
3604,SAMPLE,COMPLETE,false,2,42,2,120,0,0,161.8850402832,161.8850402832,9.7886056900024,-0.0098509788513184,0x801FABDC,0x801FABDC,0x801FABDC,0x801FABDC,true,false,false,false,true,false,false,false
3606,SAMPLE,COMPLETE,false,2,42,2,120,0,0,162.02743530273,162.02743530273,10.521215438843,-0.010570049285889,0x801FABDC,0x801FABDC,0x801FABDC,0x801FABDC,true,false,false,false,true,false,false,false
3608,SAMPLE,COMPLETE,false,2,42,2,120,0,0,162.02743530273,162.02743530273,10.521215438843,-0.010570049285889,0x801FABDC,0x801FABDC,0x801FABDC,0x801FABDC,true,false,false,false,true,false,false,false
3610,SAMPLE,COMPLETE,false,2,42,2,120,0,0,162.22261047363,162.22261047363,11.527659416199,-0.011624813079834,0x801FABDC,0x801FABDC,0x801FABDC,0x801FABDC,true,false,false,false,true,false,false,false
3612,SAMPLE,COMPLETE,false,2,42,2,120,0,0,162.35243225098,162.35243225098,12.195717811584,-0.012296199798584,0x801FABDC,0x801FABDC,0x801FABDC,0x801FABDC,true,false,false,false,true,false,false,false
3614,SAMPLE,COMPLETE,false,2,42,2,120,0,0,162.37565612793,162.37565612793,12.312173843384,-0.012392044067383,0x801FABDC,0x801FABDC,0x801FABDC,0x801FABDC,true,false,false,false,true,false,false,false
3616,SAMPLE,COMPLETE,false,2,42,2,120,0,0,162.30635070801,162.30635070801,11.950772285461,-0.012056350708008,0x801FABDC,0x801FABDC,0x801FABDC,0x801FABDC,true,false,false,false,true,false,false,false
3618,SAMPLE,COMPLETE,false,2,42,2,120,0,0,162.19903564453,162.19903564453,11.393486022949,-0.011481285095215,0x801FABDC,0x801FABDC,0x801FABDC,0x801FABDC,true,false,false,false,true,false,false,false
3620,SAMPLE,COMPLETE,false,2,42,2,120,0,0,162.08987426758,162.08987426758,10.827069282532,-0.010905742645264,0x801FABDC,0x801FABDC,0x801FABDC,0x801FABDC,true,false,false,false,true,false,false,false
3622,SAMPLE,COMPLETE,false,2,42,2,120,0,0,162.00965881348,162.00965881348,10.411162376404,-0.01047420501709,0x801FABDC,0x801FABDC,0x801FABDC,0x801FABDC,true,false,false,false,true,false,false,false
3624,SAMPLE,COMPLETE,false,2,42,2,120,0,0,161.93632507324,161.93632507324,10.030953407288,-0.010090827941895,0x801FABDC,0x801FABDC,0x801FABDC,0x801FABDC,true,false,false,false,true,false,false,false
3626,SAMPLE,COMPLETE,false,2,42,2,120,0,0,161.87042236328,161.87042236328,9.6894683837891,-0.0097551345825195,0x801FABDC,0x801FABDC,0x801FABDC,0x801FABDC,true,false,false,false,true,false,false,false
3628,SAMPLE,COMPLETE,false,2,42,2,120,0,0,161.81163024902,161.81163024902,9.3848037719727,-0.009467601776123,0x801FABDC,0x801FABDC,0x801FABDC,0x801FABDC,true,false,false,false,true,false,false,false
3630,SAMPLE,COMPLETE,false,2,42,2,120,0,0,161.751953125,161.751953125,9.0755262374878,-0.009467601776123,0x801FABDC,0x801FABDC,0x801FABDC,0x801FABDC,true,false,false,false,true,false,false,false
3632,SAMPLE,COMPLETE,false,2,42,2,120,0,0,161.751953125,161.751953125,9.0755262374878,-0.009131908416748,0x801FABDC,0x801FABDC,0x801FABDC,0x801FABDC,true,false,false,false,true,false,false,false
3634,SAMPLE,COMPLETE,false,2,42,2,120,0,0,161.63450622559,161.63450622559,8.4672508239746,-0.0085091590881348,0x801FABDC,0x801FABDC,0x801FABDC,0x801FABDC,true,false,false,false,true,false,false,false
3636,SAMPLE,COMPLETE,false,2,42,2,120,0,0,161.49223327637,161.49223327637,7.7306346893311,-0.0077900886535645,0x801FABDC,0x801FABDC,0x801FABDC,0x801FABDC,true,false,false,false,true,false,false,false
3638,SAMPLE,COMPLETE,false,2,42,2,120,0,0,161.38375854492,161.38375854492,7.1688580513,-0.0071663856506348,0x801FABDC,0x801FABDC,0x801FABDC,0x801FABDC,true,false,false,false,true,false,false,false
3640,SAMPLE,COMPLETE,false,2,42,2,120,0,0,161.30717468262,161.30717468262,6.772171497345,-0.0067830085754395,0x801FABDC,0x801FABDC,0x801FABDC,0x801FABDC,true,false,false,false,true,false,false,false
3642,SAMPLE,COMPLETE,false,2,42,2,120,0,0,161.24426269531,161.24426269531,6.4463047981262,-0.0064477920532227,0x801FABDC,0x801FABDC,0x801FABDC,0x801FABDC,true,false,false,false,true,false,false,false
3644,SAMPLE,COMPLETE,false,2,42,2,120,0,0,161.19564819336,161.19564819336,6.1944103240967,-0.0062079429626465,0x801FABDC,0x801FABDC,0x801FABDC,0x801FABDC,true,false,false,false,true,false,false,false
3646,SAMPLE,COMPLETE,false,2,42,2,120,0,0,161.16847229004,161.16847229004,6.0534958839417,-0.0060639381408691,0x801FABDC,0x801FABDC,0x801FABDC,0x801FABDC,true,false,false,false,true,false,false,false
3648,SAMPLE,COMPLETE,false,2,42,2,120,0,0,161.16757202148,161.16757202148,6.0487308502197,-0.0060639381408691,0x801FABDC,0x801FABDC,0x801FABDC,0x801FABDC,true,false,false,false,true,false,false,false
3650,SAMPLE,COMPLETE,false,2,42,2,120,0,0,161.15522766113,161.15522766113,5.9856081008911,-0.0060639381408691,0x801FABDC,0x801FABDC,0x801FABDC,0x801FABDC,true,false,false,false,true,false,false,false
3652,SAMPLE,COMPLETE,false,2,42,2,120,0,0,161.15522766113,161.15522766113,5.9856081008911,-0.0060162544250488,0x801FABDC,0x801FABDC,0x801FABDC,0x801FABDC,true,false,false,false,true,false,false,false
3654,SAMPLE,COMPLETE,false,2,42,2,120,0,0,161.07409667969,161.07409667969,5.5678935050964,-0.005584716796875,0x801FABDC,0x801FABDC,0x801FABDC,0x801FABDC,true,false,false,false,true,false,false,false
3656,SAMPLE,COMPLETE,false,2,42,2,120,0,0,160.99276733398,160.99276733398,5.1496806144714,-0.0051531791687012,0x801FABDC,0x801FABDC,0x801FABDC,0x801FABDC,true,false,false,false,true,false,false,false
3658,SAMPLE,COMPLETE,false,2,42,2,120,0,0,160.94996643066,160.94996643066,4.9313907623291,-0.0049138069152832,0x801FABDC,0x801FABDC,0x801FABDC,0x801FABDC,true,false,false,false,true,false,false,false
3660,SAMPLE,COMPLETE,false,2,42,2,120,0,0,160.94821166992,160.94821166992,4.9263553619385,-0.0049138069152832,0x801FABDC,0x801FABDC,0x801FABDC,0x801FABDC,true,false,false,false,true,false,false,false
3662,SAMPLE,COMPLETE,false,2,42,2,120,0,0,161.0258026123,161.0258026123,5.3361477851868,-0.0053448677062988,0x801FABDC,0x801FABDC,0x801FABDC,0x801FABDC,true,false,false,false,true,false,false,false
3664,SAMPLE,COMPLETE,false,2,42,2,120,0,0,161.20327758789,161.20327758789,6.2655401229858,-0.0053448677062988,0x801FABDC,0x801FABDC,0x801FABDC,0x801FABDC,true,false,false,false,true,false,false,false
3666,SAMPLE,COMPLETE,false,2,42,2,120,0,0,161.20327758789,161.20327758789,6.2655401229858,-0.0062556266784668,0x801FABDC,0x801FABDC,0x801FABDC,0x801FABDC,true,false,false,false,true,false,false,false
3668,SAMPLE,COMPLETE,false,2,42,2,120,0,0,161.3606262207,161.3606262207,7.091498374939,-0.0070710182189941,0x801FABDC,0x801FABDC,0x801FABDC,0x801FABDC,true,false,false,false,true,false,false,false
3670,SAMPLE,COMPLETE,false,2,42,2,120,0,0,161.47389221191,161.47389221191,7.6881875991821,-0.0076937675476074,0x801FABDC,0x801FABDC,0x801FABDC,0x801FABDC,true,false,false,false,true,false,false,false
