frame,event,state,gate_enabled,armed,memory_remaining,ready_count,invalid_count,screen_x,screen_x_copy,raw_horizontal,normalized,arm_ready,raw_detected,normalized_detected,auto_aim_detected
5800,SAMPLE,IDLE,false,true,0,0,106,160.0,160.0,0.0,0.0,true,false,false,false
5805,SAMPLE,IDLE,false,true,0,0,111,160.0,160.0,0.0,0.0,true,false,false,false
5810,SAMPLE,IDLE,false,true,0,0,116,160.0,160.0,0.0,0.0,true,false,false,false
5815,SAMPLE,IDLE,false,true,0,0,121,160.0,160.0,0.0,0.0,true,false,false,false
5820,SAMPLE,IDLE,false,true,0,0,126,160.0,160.0,0.0,0.0,true,false,false,false
5825,SAMPLE,IDLE,false,true,0,0,131,160.0,160.0,0.0,0.0,true,false,false,false
5830,SAMPLE,IDLE,false,true,0,0,136,160.0,160.0,0.0,0.0,true,false,false,false
5835,SAMPLE,IDLE,false,true,0,0,141,160.0,160.0,0.0,0.0,true,false,false,false
5840,SAMPLE,IDLE,false,true,0,0,146,160.0,160.0,0.0,0.0,true,false,false,false
5845,SAMPLE,IDLE,false,true,0,0,151,160.0,160.0,0.0,0.0,true,false,false,false
5850,SAMPLE,IDLE,false,true,0,0,156,160.0,160.0,0.0,0.0,true,false,false,false
5855,SAMPLE,IDLE,false,true,0,0,161,160.0,160.0,0.0,0.0,true,false,false,false
5860,SAMPLE,IDLE,false,true,0,0,166,160.0,160.0,0.0,0.0,true,false,false,false
5865,SAMPLE,IDLE,true,true,0,0,171,160.0,160.0,0.0,0.0,true,false,false,false
5870,SAMPLE,IDLE,true,true,0,0,176,160.0,160.0,0.0,0.0,true,false,false,false
5875,SAMPLE,IDLE,true,true,0,0,181,160.0,160.0,0.0,0.0,true,false,false,false
5880,SAMPLE,IDLE,true,true,0,0,186,160.0,160.0,0.0,0.0,true,false,false,false
5885,SAMPLE,IDLE,true,true,0,0,191,160.0,160.0,0.0,0.0,true,false,false,false
5890,SAMPLE,IDLE,true,true,0,0,196,160.0,160.0,0.0,0.0,true,false,false,false
5895,SAMPLE,IDLE,true,true,0,0,201,160.0,160.0,0.0,0.0,true,false,false,false
5900,SAMPLE,IDLE,true,true,0,0,206,160.0,160.0,0.0,0.0,true,false,false,false
5905,SAMPLE,IDLE,true,true,0,0,211,160.0,160.0,0.0,0.0,true,false,false,false
5910,SAMPLE,IDLE,true,true,0,0,216,160.0,160.0,0.0,0.0,true,false,false,false
5915,SAMPLE,IDLE,true,true,0,0,221,160.0,160.0,0.0,0.0,true,false,false,false
5920,SAMPLE,IDLE,true,true,0,0,226,160.0,160.0,0.0,0.0,true,false,false,false
5925,SAMPLE,IDLE,true,true,0,0,231,160.0,160.0,0.0,0.0,true,false,false,false
5930,SAMPLE,IDLE,true,true,0,0,236,160.0,160.0,0.0,0.0,true,false,false,false
5935,SAMPLE,IDLE,true,true,0,0,241,160.0,160.0,0.0,0.0,true,false,false,false
5940,SAMPLE,IDLE,true,true,0,0,246,160.0,160.0,0.0,0.0,true,false,false,false
5945,SAMPLE,IDLE,true,true,0,0,251,160.0,160.0,0.0,0.0,true,false,false,false
5950,SAMPLE,IDLE,true,true,0,0,256,160.0,160.0,0.0,0.0,true,false,false,false
5955,SAMPLE,IDLE,true,true,0,0,261,160.0,160.0,0.0,0.0,true,false,false,false
5960,SAMPLE,IDLE,true,true,0,0,266,160.0,160.0,0.0,0.0,true,false,false,false
5965,SAMPLE,IDLE,true,true,0,0,271,160.0,160.0,0.0,0.0,true,false,false,false
5970,SAMPLE,IDLE,true,true,0,0,276,160.0,160.0,0.0,0.0,true,false,false,false
5975,SAMPLE,IDLE,true,true,0,0,281,160.0,160.0,0.0,0.0,true,false,false,false
5980,SAMPLE,IDLE,true,true,0,0,286,160.0,160.0,0.0,0.0,true,false,false,false
5985,SAMPLE,IDLE,true,true,0,0,291,160.0,160.0,0.0,0.0,true,false,false,false
5990,SAMPLE,IDLE,true,true,0,0,296,160.0,160.0,0.0,0.0,true,false,false,false
5995,SAMPLE,IDLE,true,true,0,0,301,160.0,160.0,0.0,0.0,true,false,false,false
6000,SAMPLE,IDLE,true,true,0,0,306,160.0,160.0,0.0,0.0,true,false,false,false
6005,SAMPLE,IDLE,true,true,0,0,311,160.0,160.0,0.0,0.0,true,false,false,false
6010,SAMPLE,IDLE,true,true,0,0,316,160.0,160.0,0.0,0.0,true,false,false,false
6015,SAMPLE,IDLE,true,true,0,0,321,160.0,160.0,0.0,0.0,true,false,false,false
6020,SAMPLE,IDLE,true,true,0,0,326,160.0,160.0,0.0,0.0,true,false,false,false
6025,SAMPLE,IDLE,true,true,0,0,331,160.0,160.0,0.0,0.0,true,false,false,false
6030,SAMPLE,IDLE,true,true,0,0,336,160.0,160.0,0.0,0.0,true,false,false,false
6035,SAMPLE,CONVERGING,true,true,45,0,341,134.58050537109,134.58050537109,-132.24591064453,0.13261950016022,false,true,true,true
6040,SAMPLE,CONVERGING,true,true,45,0,346,124.35171508789,124.35171508789,-183.91340637207,0.18491947650909,false,true,true,true
6045,SAMPLE,CONVERGING,true,true,45,0,351,147.59696960449,147.59696960449,-64.961524963379,0.064979434013367,false,true,true,true
6050,SAMPLE,CONVERGING,true,true,45,0,356,154.16528320313,154.16528320313,-30.609968185425,0.03051233291626,false,true,true,true
6055,SAMPLE,SHOT_READY,true,true,42,1,0,157.25518798828,157.25518798828,-14.405031204224,0.014357328414917,true,false,false,false
6056,AUTO_SHOT,FIRED,true,false,41,2,0,157.25518798828,157.25518798828,-14.405031204224,0.014357328414917,true,false,false,false
6060,SAMPLE,FIRED,true,false,37,2,4,158.88954162598,158.88954162598,-5.8282961845398,0.0057286024093628,true,false,false,false
6065,SAMPLE,FIRED,true,false,32,2,9,159.55075073242,159.55075073242,-2.3579404354095,0.0023249387741089,true,false,false,false
6068,REARMED,IDLE,true,true,0,0,0,159.71424865723,159.71424865723,-1.4998037815094,0.0014621019363403,true,false,false,false
6070,SAMPLE,IDLE,true,true,0,0,2,159.71424865723,159.71424865723,-1.4998037815094,0.0014621019363403,true,false,false,false
6075,SAMPLE,IDLE,true,true,0,0,7,159.88439941406,159.88439941406,-0.60674560070038,0.00055122375488281,true,false,false,false
6080,SAMPLE,IDLE,true,true,0,0,12,159.95323181152,159.95323181152,-0.24546930193901,0.00021576881408691,true,false,false,false
6085,SAMPLE,IDLE,true,true,0,0,17,159.98107910156,159.98107910156,-0.099308952689171,2.3961067199707e-05,true,false,false,false
6090,SAMPLE,IDLE,true,true,0,0,22,159.99234008789,159.99234008789,-0.040204107761383,-2.3841857910156e-05,true,false,false,false
6095,SAMPLE,CONVERGING,true,true,45,0,27,131.41613769531,131.41613769531,-148.3659362793,0.14887034893036,false,true,true,true
6100,SAMPLE,CONVERGING,true,true,45,0,32,131.76483154297,131.76483154297,-146.59440612793,0.14709663391113,false,true,true,true
6105,SAMPLE,CONVERGING,true,true,45,0,37,132.57695007324,132.57695007324,-142.46430969238,0.14292597770691,false,true,true,true
6110,SAMPLE,CONVERGING,true,true,45,0,42,138.36357116699,138.36357116699,-112.79765319824,0.11306083202362,false,true,true,true
6115,SAMPLE,CONVERGING,true,true,45,0,47,147.61116027832,147.61116027832,-64.844100952148,0.064883589744568,false,true,true,true
6120,SAMPLE,SHOT_READY,true,true,44,1,0,160.69151306152,160.69151306152,3.6275153160095,-0.0035715103149414,true,false,false,false
6121,AUTO_SHOT,FIRED,true,false,43,2,0,160.69151306152,160.69151306152,3.6275153160095,-0.0035715103149414,true,false,false,false
6125,SAMPLE,FIRED,true,false,39,2,4,172.70283508301,172.70283508301,66.495628356934,-0.066513538360596,false,true,true,true
6130,SAMPLE,FIRED,true,false,34,2,9,186.19454956055,186.19454956055,136.13273620605,-0.13659811019897,false,true,true,true
6133,REARMED,IDLE,true,true,0,0,0,192.70408630371,192.70408630371,169.06785583496,-0.16996288299561,false,true,true,true
6135,SAMPLE,CONVERGING,true,true,45,0,2,197.13610839844,197.13610839844,191.18663024902,-0.19244575500488,false,true,true,true
6140,SAMPLE,CONVERGING,true,true,45,0,7,207.75646972656,207.75646972656,243.01821899414,-0.22302961349487,false,true,true,true
6145,SAMPLE,CONVERGING,true,true,45,0,12,212.3519744873,212.3519744873,264.87133789063,-0.26809120178223,false,true,true,true
6150,SAMPLE,CONVERGING,true,true,45,0,17,219.32855224609,219.32855224609,297.23449707031,-0.30183935165405,false,true,true,true
6155,SAMPLE,CONVERGING,true,true,45,0,22,184.00239562988,184.00239562988,124.98609924316,-0.12528514862061,false,true,true,true
6160,SAMPLE,CONVERGING,true,true,45,0,27,169.71058654785,169.71058654785,50.900894165039,-0.050885677337646,false,true,true,true
6165,SAMPLE,CONVERGING,true,true,45,0,32,163.92858886719,163.92858886719,20.615333557129,-0.020541191101074,false,true,true,true
6167,AUTO_SHOT,FIRED,true,false,44,2,0,162.49879455566,162.49879455566,13.114133834839,-0.013062953948975,true,false,false,false
6170,SAMPLE,FIRED,true,false,41,2,3,161.84811401367,161.84811401367,9.6996231079102,-0.0096116065979004,true,false,false,false
6175,SAMPLE,FIRED,true,false,36,2,8,160.86940002441,160.86940002441,4.5631184577942,-0.0044822692871094,true,false,false,false
6179,REARMED,IDLE,true,true,0,0,0,160.47557067871,160.47557067871,2.4960906505585,-0.0024209022521973,true,false,false,false
6180,SAMPLE,IDLE,true,true,0,0,1,160.47557067871,160.47557067871,2.4960906505585,-0.0024209022521973,true,false,false,false
6185,SAMPLE,IDLE,true,true,0,0,6,160.26014709473,160.26014709473,1.3654166460037,-0.0013184547424316,true,false,false,false
6190,SAMPLE,IDLE,true,true,0,0,11,160.1423034668,160.1423034668,0.74689924716949,-0.00069522857666016,true,false,false,false
6195,SAMPLE,IDLE,true,true,0,0,16,160.07783508301,160.07783508301,0.4085282087326,-0.00035953521728516,true,false,false,false
6200,SAMPLE,IDLE,true,true,0,0,21,160.03149414063,160.03149414063,0.1653013676405,-0.00011968612670898,true,false,false,false
6205,SAMPLE,IDLE,true,true,0,0,26,160.01274108887,160.01274108887,0.066873371601105,-2.3841857910156e-05,true,false,false,false
6210,SAMPLE,IDLE,true,true,0,0,31,160.0059967041,160.0059967041,0.031474530696869,2.3961067199707e-05,true,false,false,false
6215,SAMPLE,IDLE,true,true,0,0,36,160.00328063965,160.00328063965,0.017218889668584,-2.3841857910156e-05,true,false,false,false
6220,SAMPLE,IDLE,true,true,0,0,41,160.0015411377,160.0015411377,0.0080888736993074,-2.3841857910156e-05,true,false,false,false
6225,SAMPLE,IDLE,true,true,0,0,46,160.00062561035,160.00062561035,0.003283602418378,-2.3841857910156e-05,true,false,false,false
6230,SAMPLE,IDLE,true,true,0,0,51,160.00025939941,160.00025939941,0.0013614937197417,-2.3841857910156e-05,true,false,false,false
6235,SAMPLE,IDLE,true,true,0,0,56,160.00012207031,160.00012207031,0.00064070289954543,-2.3841857910156e-05,true,false,false,false
6240,SAMPLE,IDLE,true,true,0,0,61,160.00006103516,160.00006103516,0.00032035144977272,-2.3841857910156e-05,true,false,false,false
6245,SAMPLE,IDLE,true,true,0,0,66,160.00001525879,160.00001525879,8.0087862443179e-05,-2.3841857910156e-05,true,false,false,false
6250,SAMPLE,IDLE,true,true,0,0,71,160.00001525879,160.00001525879,8.0087862443179e-05,-2.3841857910156e-05,true,false,false,false
6255,SAMPLE,IDLE,true,true,0,0,76,160.0,160.0,0.0,0.0,true,false,false,false
6260,SAMPLE,IDLE,true,true,0,0,81,160.0,160.0,0.0,0.0,true,false,false,false
6265,SAMPLE,IDLE,true,true,0,0,86,160.0,160.0,0.0,0.0,true,false,false,false
6270,SAMPLE,IDLE,true,true,0,0,91,160.0,160.0,0.0,0.0,true,false,false,false
6275,SAMPLE,CONVERGING,true,true,45,0,96,177.4693145752,177.4693145752,91.307106018066,-0.091392993927002,false,true,true,true
6280,SAMPLE,CONVERGING,true,true,45,0,101,183.78567504883,183.78567504883,123.60266876221,-0.12418222427368,false,true,true,true
6285,SAMPLE,CONVERGING,true,true,45,0,106,148.72268676758,148.72268676758,-58.792022705078,0.059083223342896,false,true,true,true
6290,SAMPLE,CONVERGING,true,true,45,0,111,128.11898803711,128.11898803711,-164.05108642578,0.16574430465698,false,true,true,true
6295,SAMPLE,CONVERGING,true,true,45,0,116,117.81402587891,117.81402587891,-214.91746520996,0.21785259246826,false,true,true,true
6300,SAMPLE,CONVERGING,true,true,45,0,121,112.77992248535,112.77992248535,-239.35632324219,0.24292397499084,false,true,true,true
6305,SAMPLE,CONVERGING,true,true,45,0,126,109.84492492676,109.84492492676,-253.56207275391,0.25740110874176,false,true,true,true
6310,SAMPLE,CONVERGING,true,true,45,0,131,107.70384979248,107.70384979248,-263.85189819336,0.26785147190094,false,true,true,true
6315,SAMPLE,CONVERGING,true,true,45,0,136,106.29133605957,106.29133605957,-270.57934570313,0.27475452423096,false,true,true,true
6320,SAMPLE,CONVERGING,true,true,45,0,141,104.67555236816,104.67555236816,-278.18090820313,0.28256833553314,false,true,true,true
6325,SAMPLE,CONVERGING,true,true,45,0,146,102.76574707031,102.76574707031,-287.02270507813,0.29182028770447,false,true,true,true
6330,SAMPLE,CONVERGING,true,true,45,0,151,99.938911437988,99.938911437988,-299.95919799805,0.30533874034882,false,true,true,true
6335,SAMPLE,CONVERGING,true,true,45,0,156,98.42813873291,98.42813873291,-306.77319335938,0.31252944469452,false,true,true,true
6340,SAMPLE,CONVERGING,true,true,45,0,161,94.95662689209,94.95662689209,-322.18954467773,0.32897198200226,false,true,true,true
6345,SAMPLE,CONVERGING,true,true,45,0,166,90.681289672852,90.681289672852,-340.83737182617,0.34891414642334,false,true,true,true
6350,SAMPLE,CONVERGING,true,true,45,0,171,131.9559173584,131.9559173584,-145.54151916504,0.22739219665527,false,true,true,true
6355,SAMPLE,CONVERGING,true,true,45,0,176,142.1623840332,142.1623840332,-93.193885803223,0.093310594558716,false,true,true,true
6360,SAMPLE,CONVERGING,true,true,45,0,181,152.78349304199,152.78349304199,-37.848239898682,0.037798881530762,false,true,true,true
6365,SAMPLE,CONVERGING,true,true,45,0,186,156.05250549316,156.05250549316,-20.714286804199,0.020637154579163,false,true,true,true
6367,AUTO_SHOT,FIRED,true,false,43,2,0,157.48918151855,157.48918151855,-13.177173614502,0.013110995292664,true,false,false,false
6370,SAMPLE,FIRED,true,false,40,2,3,158.40296936035,158.40296936035,-8.3819274902344,0.008317232131958,true,false,false,false
6375,SAMPLE,FIRED,true,false,35,2,8,159.44435119629,159.44435119629,-2.9163868427277,0.002852201461792,true,false,false,false
6379,REARMED,IDLE,true,true,0,0,0,159.64657592773,159.64657592773,-1.8549919128418,0.0017976760864258,true,false,false,false
6380,SAMPLE,IDLE,true,true,0,0,1,159.77520751953,159.77520751953,-1.1798535585403,0.0017976760864258,true,false,false,false
6385,SAMPLE,IDLE,true,true,0,0,6,159.8570098877,159.8570098877,-0.75050318241119,0.00069510936737061,true,false,false,false
6390,SAMPLE,CONVERGING,true,true,45,0,11,142.47283935547,142.47283935547,-91.606910705566,0.091680765151978,false,true,true,true
6395,SAMPLE,CONVERGING,true,true,45,0,16,126.69595336914,126.69595336914,-172.17761230469,0.16291606426239,false,true,true,true
6400,SAMPLE,CONVERGING,true,true,45,0,21,124.87721252441,124.87721252441,-181.24769592285,0.18228280544281,false,true,true,true
6405,SAMPLE,CONVERGING,true,true,45,0,26,121.99002075195,121.99002075195,-195.51069641113,0.19685590267181,false,true,true,true
6410,SAMPLE,CONVERGING,true,true,45,0,31,119.96705627441,119.96705627441,-205.42691040039,0.20701861381531,false,true,true,true
6415,SAMPLE,CONVERGING,true,true,45,0,36,118.85651397705,118.85651397705,-210.84255981445,0.21262729167938,false,true,true,true
6420,SAMPLE,CONVERGING,true,true,45,0,41,118.25297546387,118.25297546387,-213.77430725098,0.21564745903015,false,true,true,true
6425,SAMPLE,CONVERGING,true,true,45,0,46,117.79415893555,117.79415893555,-215.98806762695,0.21794843673706,false,true,true,true
6430,SAMPLE,CONVERGING,true,true,45,0,51,117.54193115234,117.54193115234,-217.20463562012,0.219242811203,false,true,true,true
6435,SAMPLE,CONVERGING,true,true,45,0,56,117.06286621094,117.06286621094,-219.51525878906,0.22159171104431,false,true,true,true
6440,SAMPLE,CONVERGING,true,true,45,0,61,116.61600494385,116.61600494385,-221.67056274414,0.22389280796051,false,true,true,true
6445,SAMPLE,CONVERGING,true,true,45,0,66,117.17976379395,117.17976379395,-218.92549133301,0.22106432914734,false,true,true,true
6450,SAMPLE,CONVERGING,true,true,45,0,71,117.81676483154,117.81676483154,-215.80546569824,0.21785259246826,false,true,true,true
6455,SAMPLE,CONVERGING,true,true,45,0,76,117.64088439941,117.64088439941,-216.59780883789,0.21871542930603,false,true,true,true
6460,SAMPLE,CONVERGING,true,true,45,0,81,117.24161529541,117.24161529541,-218.47550964355,0.22072875499725,false,true,true,true
6465,SAMPLE,CONVERGING,true,true,45,0,86,116.31525421143,116.31525421143,-222.84646606445,0.22533082962036,false,true,true,true
6470,SAMPLE,CONVERGING,true,true,45,0,91,114.98760986328,114.98760986328,-229.02137756348,0.23194622993469,false,true,true,true
6475,SAMPLE,CONVERGING,true,true,45,0,96,113.61346435547,113.61346435547,-235.04801940918,0.23880136013031,false,true,true,true
6480,SAMPLE,CONVERGING,true,true,45,0,101,112.36795043945,112.36795043945,-239.96290588379,0.24498522281647,false,true,true,true
6485,SAMPLE,CONVERGING,true,true,45,0,106,111.08654785156,111.08654785156,-244.39524841309,0.25131297111511,false,true,true,true
6490,SAMPLE,CONVERGING,true,true,45,0,111,110.54449462891,110.54449462891,-246.08601379395,0.25394952297211,false,true,true,true
6495,SAMPLE,CONVERGING,true,true,45,0,116,109.51177978516,109.51177978516,-249.40913391113,0.2590309381485,false,true,true,true
6500,SAMPLE,CONVERGING,true,true,45,0,121,109.0728302002,109.0728302002,-250.79028320313,0.26118814945221,false,true,true,true
6505,SAMPLE,CONVERGING,true,true,45,0,126,109.54759216309,109.54759216309,-248.56538391113,0.2588392496109,false,true,true,true
6510,SAMPLE,CONVERGING,true,true,45,0,131,110.40295410156,110.40295410156,-244.85824584961,0.25462079048157,false,true,true,true
6515,SAMPLE,CONVERGING,true,true,45,0,136,111.33724975586,111.33724975586,-240.76084899902,0.25001871585846,false,true,true,true
6520,SAMPLE,CONVERGING,true,true,45,0,141,111.77879333496,111.77879333496,-238.837890625,0.24786162376404,false,true,true,true
6525,SAMPLE,CONVERGING,true,true,45,0,146,112.01982879639,112.01982879639,-237.79443359375,0.24666309356689,false,true,true,true
6530,SAMPLE,CONVERGING,true,true,45,0,151,112.33207702637,112.33207702637,-236.40841674805,0.24512898921967,false,true,true,true
6535,SAMPLE,CONVERGING,true,true,45,0,156,112.6206817627,112.6206817627,-235.11656188965,0.24369096755981,false,true,true,true
6540,SAMPLE,CONVERGING,true,true,45,0,161,112.8363494873,112.8363494873,-234.15635681152,0.24335539340973,false,true,true,true
6545,SAMPLE,CONVERGING,true,true,45,0,166,113.01739501953,113.01739501953,-233.34103393555,0.24177348613739,false,true,true,true
6550,SAMPLE,CONVERGING,true,true,45,0,171,113.39105224609,113.39105224609,-231.61085510254,0.23990392684937,false,true,true,true
6555,SAMPLE,CONVERGING,true,true,45,0,176,113.51762390137,113.51762390137,-231.22807312012,0.23928070068359,false,true,true,true
6560,SAMPLE,CONVERGING,true,true,45,0,181,113.5767288208,113.5767288208,-232.11206054688,0.2389931678772,false,true,true,true
6565,SAMPLE,CONVERGING,true,true,45,0,186,113.23857116699,113.23857116699,-234.39543151855,0.24067091941833,false,true,true,true
6570,SAMPLE,CONVERGING,true,true,45,0,191,111.25639343262,111.25639343262,-245.24798583984,0.25045013427734,false,true,true,true
6575,SAMPLE,CONVERGING,true,true,45,0,196,110.10082244873,110.10082244873,-251.19091796875,0.25610685348511,false,true,true,true
6580,SAMPLE,CONVERGING,true,true,45,0,201,107.96413421631,107.96413421631,-261.93728637695,0.26660513877869,false,true,true,true
6585,SAMPLE,CONVERGING,true,true,45,0,206,107.15905761719,107.15905761719,-265.89288330078,0.27053606510162,false,true,true,true
6590,SAMPLE,CONVERGING,true,true,45,0,211,106.34683227539,106.34683227539,-269.81451416016,0.27446687221527,false,true,true,true
6595,SAMPLE,CONVERGING,true,true,45,0,216,105.40347290039,105.40347290039,-274.27883911133,0.27906894683838,false,true,true,true
6600,SAMPLE,CONVERGING,true,true,45,0,221,104.94136047363,104.94136047363,-276.43493652344,0.28127408027649,false,true,true,true
6605,SAMPLE,CONVERGING,true,true,45,0,226,104.72206115723,104.72206115723,-277.45077514648,0.28237664699554,false,true,true,true
6610,SAMPLE,CONVERGING,true,true,45,0,231,104.45013427734,104.45013427734,-278.69613647461,0.2836709022522,false,true,true,true
6615,SAMPLE,CONVERGING,true,true,45,0,236,104.34425354004,104.34425354004,-279.18170166016,0.28415024280548,false,true,true,true
6620,SAMPLE,CONVERGING,true,true,45,0,241,104.19185638428,104.19185638428,-279.87338256836,0.28491723537445,false,true,true,true
6625,SAMPLE,CONVERGING,true,true,45,0,246,104.1584777832,104.1584777832,-280.02026367188,0.28510904312134,false,true,true,true
6630,SAMPLE,CONVERGING,true,true,45,0,251,104.09088134766,104.09088134766,-280.31848144531,0.28539669513702,false,true,true,true
6635,SAMPLE,CONVERGING,true,true,45,0,256,104.05805206299,104.05805206299,-280.46444702148,0.28554046154022,false,true,true,true
6640,SAMPLE,CONVERGING,true,true,45,0,261,103.85893249512,103.85893249512,-281.36608886719,0.28649926185608,false,true,true,true
6645,SAMPLE,CONVERGING,true,true,45,0,266,137.28715515137,137.28715515137,-118.2786026001,0.11862170696259,false,true,true,true
6650,SAMPLE,CONVERGING,true,true,45,0,271,145.55335998535,145.55335998535,-75.583442687988,0.075621604919434,false,true,true,true
6655,SAMPLE,CONVERGING,true,true,45,0,276,154.15536499023,154.15536499023,-30.660305023193,0.030608177185059,false,true,true,true
6660,SAMPLE,SHOT_READY,true,true,41,1,0,157.63545227051,157.63545227051,-12.40959072113,0.012344002723694,true,false,false,false
6661,AUTO_SHOT,FIRED,true,false,40,2,0,157.63545227051,157.63545227051,-12.40959072113,0.012344002723694,true,false,false,false
6665,SAMPLE,FIRED,true,false,36,2,4,158.49601745605,158.49601745605,-7.8935866355896,0.0078377723693848,true,false,false,false
6670,SAMPLE,FIRED,true,false,31,2,9,159.47671508789,159.47671508789,-2.7465217113495,0.0026605129241943,true,false,false,false
6673,REARMED,IDLE,true,true,0,0,0,159.47671508789,159.47671508789,-2.7465217113495,0.0026605129241943,true,false,false,false
6675,SAMPLE,CONVERGING,true,true,45,0,2,137.87362670898,137.87362670898,-115.30019378662,0.11555373668671,false,true,true,true
6680,SAMPLE,CONVERGING,true,true,45,0,7,115.416015625,115.416015625,-227.53820800781,0.22983694076538,false,true,true,true
6685,SAMPLE,CONVERGING,true,true,45,0,12,109.93251037598,109.93251037598,-253.80307006836,0.25692176818848,false,true,true,true
6690,SAMPLE,CONVERGING,true,true,45,0,17,104.29718017578,104.29718017578,-280.31604003906,0.28438997268677,false,true,true,true
6695,SAMPLE,CONVERGING,true,true,45,0,22,102.51707458496,102.51707458496,-288.62594604492,0.29297077655792,false,true,true,true
6700,SAMPLE,CONVERGING,true,true,45,0,27,102.41893768311,102.41893768311,-289.10382080078,0.29345011711121,false,true,true,true
6705,SAMPLE,CONVERGING,true,true,45,0,32,102.54871368408,102.54871368408,-288.55056762695,0.29282701015472,false,true,true,true
6710,SAMPLE,CONVERGING,true,true,45,0,37,136.75709533691,136.75709533691,-121.08470916748,0.12135410308838,false,true,true,true
6715,SAMPLE,CONVERGING,true,true,45,0,42,145.21620178223,145.21620178223,-77.359359741211,0.07739531993866,false,true,true,true
6720,SAMPLE,CONVERGING,true,true,45,0,47,154.0189666748,154.0189666748,-31.376630783081,0.031327247619629,false,true,true,true
6725,SAMPLE,SHOT_READY,true,true,42,1,0,157.58026123047,157.58026123047,-12.69929599762,0.01263165473938,true,false,false,false
6726,AUTO_SHOT,FIRED,true,false,41,2,0,157.58026123047,157.58026123047,-12.69929599762,0.01263165473938,true,false,false,false
6730,SAMPLE,FIRED,true,false,37,2,4,158.46090698242,158.46090698242,-8.0778760910034,0.008029580116272,true,false,false,false
6735,SAMPLE,FIRED,true,false,32,2,9,159.37733459473,159.37733459473,-3.2681279182434,0.0032356977462769,true,false,false,false
6738,REARMED,IDLE,true,true,0,0,0,159.60395812988,159.60395812988,-2.0786762237549,0.0020372867584229,true,false,false,false
6740,SAMPLE,CONVERGING,true,true,45,0,2,140.21095275879,140.21095275879,-103.30979156494,0.10347330570221,false,true,true,true
6745,SAMPLE,CONVERGING,true,true,45,0,7,119.90147399902,119.90147399902,-205.95080566406,0.20740211009979,false,true,true,true
6750,SAMPLE,CONVERGING,true,true,45,0,12,111.68240356445,111.68240356445,-245.8199005127,0.24834096431732,false,true,true,true
6755,SAMPLE,CONVERGING,true,true,45,0,17,108.35723876953,108.35723876953,-261.6139831543,0.26468765735626,false,true,true,true
6760,SAMPLE,CONVERGING,true,true,45,0,22,107.53498077393,107.53498077393,-265.48794555664,0.26866638660431,false,true,true,true
6765,SAMPLE,CONVERGING,true,true,45,0,27,106.62321472168,106.62321472168,-269.76870727539,0.27312469482422,false,true,true,true
6770,SAMPLE,CONVERGING,true,true,45,0,32,126.07219696045,126.07219696045,-175.31675720215,0.17619466781616,false,true,true,true
6775,SAMPLE,CONVERGING,true,true,45,0,37,146.27392578125,146.27392578125,-71.856971740723,0.071882486343384,false,true,true,true
6780,SAMPLE,CONVERGING,true,true,45,0,42,154.44688415527,154.44688415527,-29.133926391602,0.029074192047119,false,true,true,true
6785,SAMPLE,CONVERGING,true,true,43,0,47,156.96240234375,156.96240234375,-15.941226005554,0.015891313552856,false,false,false,false
6787,AUTO_SHOT,FIRED,true,false,41,2,0,158.06791687012,158.06791687012,-10.140284538269,0.010090827941895,true,false,false,false
6790,SAMPLE,FIRED,true,false,38,2,3,158.77108764648,158.77108764648,-6.4499826431274,0.0063997507095337,true,false,false,false
6795,SAMPLE,FIRED,true,false,33,2,8,159.50282287598,159.50282287598,-2.6094942092896,0.0025646686553955,true,false,false,false
6799,REARMED,IDLE,true,true,0,0,0,139.09262084961,139.09262084961,-109.06887817383,0.10927379131317,false,true,true,true
6800,SAMPLE,AUTO_AIM_DETECTED,true,true,45,0,1,125.96003723145,125.96003723145,-175.80526733398,0.17677009105682,false,true,true,true
6805,SAMPLE,CONVERGING,true,true,45,0,6,117.5154876709,117.5154876709,-217.44094848633,0.2193386554718,false,true,true,true
6810,SAMPLE,CONVERGING,true,true,45,0,11,108.43170166016,108.43170166016,-260.67248535156,0.26430416107178,false,true,true,true
6815,SAMPLE,CONVERGING,true,true,45,0,16,104.47375488281,104.47375488281,-278.74588012695,0.2835750579834,false,true,true,true
6820,SAMPLE,CONVERGING,true,true,45,0,21,102.73795318604,102.73795318604,-286.48001098633,0.29191613197327,false,true,true,true
6825,SAMPLE,CONVERGING,true,true,45,0,26,102.23574829102,102.23574829102,-288.69177246094,0.29436111450195,false,true,true,true
6830,SAMPLE,CONVERGING,true,true,45,0,31,102.56770324707,102.56770324707,-287.22085571289,0.29277908802032,false,true,true,true
6835,SAMPLE,CONVERGING,true,true,45,0,36,103.205078125,103.205078125,-284.38079833984,0.28966319561005,false,true,true,true
6840,SAMPLE,CONVERGING,true,true,45,0,41,103.38049316406,103.38049316406,-283.59854125977,0.28884816169739,false,true,true,true
6845,SAMPLE,CONVERGING,true,true,45,0,46,103.67961120605,103.67961120605,-282.25143432617,0.28736221790314,false,true,true,true
6850,SAMPLE,CONVERGING,true,true,45,0,51,103.90965270996,103.90965270996,-281.21063232422,0.28688275814056,false,true,true,true
6855,SAMPLE,CONVERGING,true,true,45,0,56,104.03308105469,104.03308105469,-280.64535522461,0.28568434715271,false,true,true,true
6860,SAMPLE,CONVERGING,true,true,45,0,61,104.29278564453,104.29278564453,-279.46105957031,0.28443789482117,false,true,true,true
6865,SAMPLE,CONVERGING,true,true,45,0,66,104.3297958374,104.3297958374,-279.34448242188,0.28424620628357,false,true,true,true
6870,SAMPLE,CONVERGING,true,true,45,0,71,137.47766113281,137.47766113281,-117.31162261963,0.11761498451233,false,true,true,true
6875,SAMPLE,CONVERGING,true,true,45,0,76,145.6745300293,145.6745300293,-74.956039428711,0.074998497962952,false,true,true,true
6880,SAMPLE,CONVERGING,true,true,45,0,81,155.0157623291,155.0157623291,-26.150602340698,0.026102066040039,false,true,true,true
6885,SAMPLE,SHOT_READY,true,true,41,1,0,157.98355102539,157.98355102539,-10.582957267761,0.010522246360779,true,false,false,false
6886,AUTO_SHOT,FIRED,true,false,40,2,0,157.98355102539,157.98355102539,-10.582957267761,0.010522246360779,true,false,false,false
6890,SAMPLE,FIRED,true,false,36,2,4,158.71742248535,158.71742248535,-6.7316179275513,0.0066872835159302,true,false,false,false
6895,SAMPLE,FIRED,true,false,31,2,9,159.48110961914,159.48110961914,-2.7234570980072,0.0026605129241943,true,false,false,false
6898,REARMED,IDLE,true,true,0,0,0,159.66995239258,159.66995239258,-1.7322976589203,0.001653790473938,true,false,false,false
6900,SAMPLE,IDLE,true,true,0,0,2,159.66995239258,159.66995239258,-1.7322976589203,0.001653790473938,true,false,false,false
6905,SAMPLE,IDLE,true,true,0,0,7,159.86647033691,159.86647033691,-0.70084875822067,0.00064718723297119,true,false,false,false
6910,SAMPLE,IDLE,true,true,0,0,12,159.91506958008,159.91506958008,-0.44576901197433,0.00035953521728516,true,false,false,false
6915,SAMPLE,IDLE,true,true,0,0,17,159.96563720703,159.96563720703,-0.18035787343979,0.00011980533599854,true,false,false,false
6920,SAMPLE,IDLE,true,true,0,0,22,159.98609924316,159.98609924316,-0.072960041463375,2.3961067199707e-05,true,false,false,false
6925,SAMPLE,IDLE,true,true,0,0,27,159.99116516113,159.99116516113,-0.046370875090361,-2.3841857910156e-05,true,false,false,false
6930,SAMPLE,IDLE,true,true,0,0,32,159.99691772461,159.99691772461,-0.016177747398615,-2.3841857910156e-05,true,false,false,false
6935,SAMPLE,IDLE,true,true,0,0,37,159.9987487793,159.9987487793,-0.006567204836756,-2.3841857910156e-05,true,false,false,false
6940,SAMPLE,IDLE,true,true,0,0,42,159.99920654297,159.99920654297,-0.0041645690798759,-2.3841857910156e-05,true,false,false,false
6945,SAMPLE,IDLE,true,true,0,0,47,159.99967956543,159.99967956543,-0.0016818451695144,-2.3841857910156e-05,true,false,false,false
6950,SAMPLE,IDLE,true,true,0,0,52,159.99987792969,159.99987792969,-0.00064070289954543,-2.3841857910156e-05,true,false,false,false
6955,SAMPLE,IDLE,true,true,0,0,57,159.99992370605,159.99992370605,-0.00040043931221589,-2.3841857910156e-05,true,false,false,false
6960,SAMPLE,IDLE,true,true,0,0,62,159.99996948242,159.99996948242,-0.00016017572488636,-2.3841857910156e-05,true,false,false,false
6965,SAMPLE,IDLE,true,true,0,0,67,159.99998474121,159.99998474121,-8.0087862443179e-05,-2.3841857910156e-05,true,false,false,false
6970,SAMPLE,IDLE,true,true,0,0,72,160.0,160.0,0.0,0.0,true,false,false,false
6975,SAMPLE,IDLE,true,true,0,0,77,160.0,160.0,0.0,0.0,true,false,false,false
6980,SAMPLE,IDLE,true,true,0,0,82,160.0,160.0,0.0,0.0,true,false,false,false
6985,SAMPLE,IDLE,true,true,0,0,87,160.0,160.0,0.0,0.0,true,false,false,false
6990,SAMPLE,IDLE,true,true,0,0,92,160.0,160.0,0.0,0.0,true,false,false,false
6995,SAMPLE,IDLE,true,true,0,0,97,160.0,160.0,0.0,0.0,true,false,false,false
7000,SAMPLE,IDLE,true,true,0,0,102,160.0,160.0,0.0,0.0,true,false,false,false
7005,SAMPLE,CONVERGING,true,true,45,0,107,132.58782958984,132.58782958984,-142.40420532227,0.14287805557251,false,true,true,true
7010,SAMPLE,CONVERGING,true,true,45,0,112,155.85775756836,155.85775756836,-21.734363555908,0.021691799163818,false,true,true,true
7015,SAMPLE,CONVERGING,true,true,45,0,117,172.96025085449,172.96025085449,67.861465454102,-0.038038730621338,false,true,true,true
7020,SAMPLE,CONVERGING,true,true,45,0,122,182.88854980469,182.88854980469,119.26309204102,-0.11953258514404,false,true,true,true
7025,SAMPLE,CONVERGING,true,true,45,0,127,189.89297485352,189.89297485352,154.97932434082,-0.1555814743042,false,true,true,true
7030,SAMPLE,CONVERGING,true,true,45,0,132,196.31454467773,196.31454467773,187.19725036621,-0.18832302093506,false,true,true,true
7035,SAMPLE,CONVERGING,true,true,45,0,137,200.70848083496,200.70848083496,208.89714050293,-0.21042203903198,false,true,true,true
7040,SAMPLE,CONVERGING,true,true,45,0,142,205.77993774414,205.77993774414,233.57708740234,-0.23578119277954,false,true,true,true
7045,SAMPLE,CONVERGING,true,true,45,0,147,209.69921875,209.69921875,252.35110473633,-0.25514793395996,false,true,true,true
7050,SAMPLE,CONVERGING,true,true,45,0,152,215.91787719727,215.91787719727,281.52038574219,-0.28544473648071,false,true,true,true
7055,SAMPLE,CONVERGING,true,true,45,0,157,224.8155670166,224.8155670166,321.81170654297,-0.3278694152832,false,true,true,true
7060,SAMPLE,CONVERGING,true,true,45,0,162,231.78256225586,231.78256225586,352.06658935547,-0.36027526855469,false,true,true,true
7065,SAMPLE,CONVERGING,true,true,45,0,167,199.26565551758,199.26565551758,201.75503540039,-0.20318365097046,false,true,true,true
7070,SAMPLE,CONVERGING,true,true,45,0,172,178.47161865234,178.47161865234,96.488098144531,-0.096618175506592,false,true,true,true
7075,SAMPLE,CONVERGING,true,true,45,0,177,170.10412597656,170.10412597656,52.95677947998,-0.052947044372559,false,true,true,true
7080,SAMPLE,CONVERGING,true,true,45,0,182,165.52703857422,165.52703857422,28.996946334839,-0.028930187225342,false,true,true,true
7085,SAMPLE,CONVERGING,true,true,45,0,187,184.76693725586,184.76693725586,128.90773010254,-0.12921571731567,false,true,true,true
7090,SAMPLE,CONVERGING,true,true,45,0,192,198.60066223145,198.60066223145,198.56649780273,-0.19982814788818,false,true,true,true
7095,SAMPLE,CONVERGING,true,true,45,0,197,186.72802734375,186.72802734375,138.92535400391,-0.13937854766846,false,true,true,true
7099,AUTO_SHOT,FIRED,true,false,43,2,0,162.52395629883,162.52395629883,13.240237236023,-0.013206958770752,true,false,false,false
7100,SAMPLE,FIRED,true,false,42,2,1,137.29748535156,137.29748535156,-118.07070922852,0.1185736656189,false,true,true,true
7105,SAMPLE,FIRED,true,false,37,2,6,107.20663452148,107.20663452148,-265.05554199219,0.27024841308594,false,true,true,true
7110,SAMPLE,FIRED,true,false,32,2,11,95.188529968262,95.188529968262,-318.634765625,0.3278694152832,false,true,true,true
7111,REARMED,IDLE,true,true,0,0,0,95.188529968262,95.188529968262,-318.634765625,0.3278694152832,false,true,true,true
7115,SAMPLE,CONVERGING,true,true,45,0,4,90.35245513916,90.35245513916,-339.21911621094,0.35044813156128,false,true,true,true
7120,SAMPLE,CONVERGING,true,true,45,0,9,87.707077026367,87.707077026367,-350.23263549805,0.362624168396,false,true,true,true
7125,SAMPLE,CONVERGING,true,true,45,0,14,86.015411376953,86.015411376953,-357.18304443359,0.37039005756378,false,true,true,true
7130,SAMPLE,CONVERGING,true,true,45,0,19,85.499755859375,85.499755859375,-360.24298095703,0.37269115447998,false,true,true,true
7135,SAMPLE,CONVERGING,true,true,45,0,24,114.54469299316,114.54469299316,-230.46441650391,0.2341992855072,false,true,true,true
7140,SAMPLE,SHOT_READY,true,true,44,1,0,157.25134277344,157.25134277344,-14.36697101593,0.014357328414917,true,false,false,false
7141,AUTO_SHOT,FIRED,true,false,43,2,0,157.25134277344,157.25134277344,-14.36697101593,0.014357328414917,true,false,false,false
7145,SAMPLE,FIRED,true,false,39,2,4,172.80863952637,172.80863952637,66.962394714355,-0.067088603973389,false,true,true,true
7150,SAMPLE,FIRED,true,false,34,2,9,165.18196105957,165.18196105957,27.180572509766,-0.027108669281006,false,true,true,true
7153,REARMED,IDLE,true,true,0,0,0,163.83258056641,163.83258056641,20.108678817749,-0.02006196975708,false,true,true,true
7155,SAMPLE,IDLE,true,true,0,0,2,162.83457946777,162.83457946777,14.874788284302,-0.01483678817749,true,false,false,false
7160,SAMPLE,IDLE,true,true,0,0,7,161.55053710938,161.55053710938,8.1377353668213,-0.0080776214599609,true,false,false,false
7165,SAMPLE,IDLE,true,true,0,0,12,160.84815979004,160.84815979004,4.4516067504883,-0.0043864250183105,true,false,false,false
7170,SAMPLE,IDLE,true,true,0,0,17,160.3990020752,160.3990020752,2.0942096710205,-0.002037525177002,true,false,false,false
7175,SAMPLE,IDLE,true,true,0,0,22,160.21824645996,160.21824645996,1.1454954147339,-0.0010786056518555,true,false,false,false
7180,SAMPLE,IDLE,true,true,0,0,27,161.50302124023,161.50302124023,7.8876729011536,-0.0078377723693848,true,false,false,false
7185,SAMPLE,IDLE,true,true,0,0,32,158.16897583008,158.16897583008,-9.6059160232544,0.009515643119812,true,false,false,false
7190,SAMPLE,CONVERGING,true,true,45,0,37,150.60401916504,150.60401916504,-49.210788726807,0.049255847930908,false,true,true,true
7195,SAMPLE,CONVERGING,true,true,45,0,42,146.22547912598,146.22547912598,-72.055107116699,0.072122097015381,false,true,true,true
7200,SAMPLE,CONVERGING,true,true,45,0,47,142.08012390137,142.08012390137,-93.593124389648,0.0937420129776,false,true,true,true
7205,SAMPLE,CONVERGING,true,true,45,0,52,139.48724365234,139.48724365234,-106.99648284912,0.10721254348755,false,true,true,true
7210,SAMPLE,CONVERGING,true,true,45,0,57,138.36032104492,138.36032104492,-112.80521392822,0.11056816577911,false,true,true,true
7215,SAMPLE,CONVERGING,true,true,45,0,62,137.99147033691,137.99147033691,-114.70405578613,0.11497843265533,false,true,true,true
7220,SAMPLE,CONVERGING,true,true,45,0,67,137.33955383301,137.33955383301,-118.05289459229,0.1183340549469,false,true,true,true
7225,SAMPLE,CONVERGING,true,true,45,0,72,136.73905944824,136.73905944824,-121.12865447998,0.12144994735718,false,true,true,true
7230,SAMPLE,CONVERGING,true,true,45,0,77,136.68426513672,136.68426513672,-121.39623260498,0.12173771858215,false,true,true,true
7235,SAMPLE,CONVERGING,true,true,45,0,82,136.26599121094,136.26599121094,-123.52348327637,0.12389481067657,false,true,true,true
7240,SAMPLE,CONVERGING,true,true,45,0,87,134.15684509277,134.15684509277,-134.27659606934,0.13477659225464,false,true,true,true
7245,SAMPLE,CONVERGING,true,true,45,0,92,131.83522033691,131.83522033691,-145.94000244141,0.1403374671936,false,true,true,true
7250,SAMPLE,CONVERGING,true,true,45,0,97,130.6374206543,130.6374206543,-151.84799194336,0.1528491973877,false,true,true,true
7255,SAMPLE,CONVERGING,true,true,45,0,102,129.50816345215,129.50816345215,-157.02780151367,0.15864956378937,false,true,true,true
7260,SAMPLE,CONVERGING,true,true,45,0,107,129.51293945313,129.51293945313,-156.60340881348,0.15860164165497,false,true,true,true
7265,SAMPLE,CONVERGING,true,true,45,0,112,129.44476318359,129.44476318359,-156.68161010742,0.15893721580505,false,true,true,true
7270,SAMPLE,CONVERGING,true,true,45,0,117,129.18411254883,129.18411254883,-157.88139343262,0.16027939319611,false,true,true,true
7275,SAMPLE,CONVERGING,true,true,45,0,122,128.82931518555,128.82931518555,-159.62655639648,0.16210114955902,false,true,true,true
7280,SAMPLE,CONVERGING,true,true,45,0,127,128.53121948242,128.53121948242,-161.10551452637,0.16363513469696,false,true,true,true
7285,SAMPLE,CONVERGING,true,true,45,0,132,128.12591552734,128.12591552734,-163.33283996582,0.16569638252258,false,true,true,true
7290,SAMPLE,CONVERGING,true,true,45,0,137,128.03030395508,128.03030395508,-164.00100708008,0.16622376441956,false,true,true,true
7295,SAMPLE,CONVERGING,true,true,45,0,142,127.46479797363,127.46479797363,-167.22486877441,0.16910004615784,false,true,true,true
7300,SAMPLE,CONVERGING,true,true,45,0,147,126.35865020752,126.35865020752,-173.04467773438,0.17475664615631,false,true,true,true
7305,SAMPLE,CONVERGING,true,true,45,0,152,124.99877929688,124.99877929688,-180.03732299805,0.18165957927704,false,true,true,true
7310,SAMPLE,CONVERGING,true,true,45,0,157,123.64013671875,123.64013671875,-186.91569519043,0.18851470947266,false,true,true,true
7315,SAMPLE,CONVERGING,true,true,45,0,162,122.575340271,122.575340271,-192.24612426758,0.19388377666473,false,true,true,true
7320,SAMPLE,CONVERGING,true,true,45,0,167,122.20205688477,122.20205688477,-194.10676574707,0.19580125808716,false,true,true,true
7325,SAMPLE,CONVERGING,true,true,45,0,172,121.63809967041,121.63809967041,-196.90846252441,0.19862949848175,false,true,true,true
7330,SAMPLE,CONVERGING,true,true,45,0,177,121.36817169189,121.36817169189,-198.24652099609,0.19997191429138,false,true,true,true
7335,SAMPLE,CONVERGING,true,true,45,0,182,121.23754882813,121.23754882813,-198.89427185059,0.20064306259155,false,true,true,true
7340,SAMPLE,CONVERGING,true,true,45,0,187,121.15863037109,121.15863037109,-199.28549194336,0.20107448101044,false,true,true,true
7345,SAMPLE,CONVERGING,true,true,45,0,192,121.16201019287,121.16201019287,-199.2713470459,0.20102655887604,false,true,true,true
7350,SAMPLE,CONVERGING,true,true,45,0,197,121.18740844727,121.18740844727,-199.15171813965,0.20088267326355,false,true,true,true
7355,SAMPLE,CONVERGING,true,true,45,0,202,121.24565887451,121.24565887451,-198.86781311035,0.20059502124786,false,true,true,true
7360,SAMPLE,CONVERGING,true,true,45,0,207,121.31512451172,121.31512451172,-198.52989196777,0.20025956630707,false,true,true,true
7365,SAMPLE,CONVERGING,true,true,45,0,212,121.3895111084,121.3895111084,-198.16627502441,0.19992399215698,false,true,true,true
7370,SAMPLE,CONVERGING,true,true,45,0,217,121.45806884766,121.45806884766,-197.83122253418,0.19954037666321,false,true,true,true
7375,SAMPLE,CONVERGING,true,true,45,0,222,121.51483154297,121.51483154297,-197.55284118652,0.19925272464752,false,true,true,true
7380,SAMPLE,CONVERGING,true,true,45,0,227,121.61215209961,121.61215209961,-197.07000732422,0.19877338409424,false,true,true,true
7385,SAMPLE,CONVERGING,true,true,45,0,232,121.85357666016,121.85357666016,-195.86686706543,0.1975269317627,false,true,true,true
7390,SAMPLE,CONVERGING,true,true,45,0,237,122.32048034668,122.32048034668,-193.54426574707,0.19522607326508,false,true,true,true
7395,SAMPLE,CONVERGING,true,true,45,0,242,122.85758972168,122.85758972168,-190.87870788574,0.19249355792999,false,true,true,true
7400,SAMPLE,CONVERGING,true,true,45,0,247,123.57690429688,123.57690429688,-187.31594848633,0.18885028362274,false,true,true,true
7405,SAMPLE,CONVERGING,true,true,45,0,252,124.45576477051,124.45576477051,-182.96548461914,0.18439221382141,false,true,true,true
7410,SAMPLE,CONVERGING,true,true,45,0,257,125.00368499756,125.00368499756,-180.27882385254,0.18161165714264,false,true,true,true
7415,SAMPLE,CONVERGING,true,true,45,0,262,125.34373474121,125.34373474121,-178.67370605469,0.1798859834671,false,true,true,true
7420,SAMPLE,CONVERGING,true,true,45,0,267,126.06604003906,126.06604003906,-175.14579772949,0.17624258995056,false,true,true,true
7425,SAMPLE,CONVERGING,true,true,45,0,272,126.56736755371,126.56736755371,-172.72785949707,0.17370200157166,false,true,true,true
7430,SAMPLE,CONVERGING,true,true,45,0,277,127.00965118408,127.00965118408,-170.56838989258,0.17140102386475,false,true,true,true
7435,SAMPLE,CONVERGING,true,true,45,0,282,127.29527282715,127.29527282715,-169.16656494141,0.16996288299561,false,true,true,true
7440,SAMPLE,CONVERGING,true,true,45,0,287,127.42892456055,127.42892456055,-168.50718688965,0.16929185390472,false,true,true,true
7445,SAMPLE,CONVERGING,true,true,45,0,292,127.50271606445,127.50271606445,-168.13812255859,0.16890835762024,false,true,true,true
7450,SAMPLE,CONVERGING,true,true,45,0,297,127.62670898438,127.62670898438,-167.51438903809,0.16823709011078,false,true,true,true
7455,SAMPLE,CONVERGING,true,true,45,0,302,127.78179931641,127.78179931641,-166.7335357666,0.16747009754181,false,true,true,true
7460,SAMPLE,CONVERGING,true,true,45,0,307,148.79039001465,148.79039001465,-58.733573913574,0.058747529983521,false,true,true,true
7465,SAMPLE,CONVERGING,true,true,45,0,312,154.7266998291,154.7266998291,-27.667045593262,0.02758800983429,false,true,true,true
7470,SAMPLE,SHOT_READY,true,true,44,1,0,157.51930236816,157.51930236816,-13.019180297852,0.012967228889465,true,false,false,false
7471,AUTO_SHOT,FIRED,true,false,43,2,0,157.51930236816,157.51930236816,-13.019180297852,0.012967228889465,true,false,false,false
7475,SAMPLE,FIRED,true,false,39,2,4,158.8330078125,158.8330078125,-6.1250052452087,0.0060641765594482,true,false,false,false
7480,SAMPLE,FIRED,true,false,34,2,9,159.45101928711,159.45101928711,-2.8813891410828,0.0028042793273926,true,false,false,false
7483,REARMED,IDLE,true,true,0,0,0,159.59397888184,159.59397888184,-2.1310532093048,0.0020372867584229,true,false,false,false
7485,SAMPLE,IDLE,true,true,0,0,2,159.69970703125,159.69970703125,-1.5761272907257,0.0015100240707397,true,false,false,false
7490,SAMPLE,CONVERGING,true,true,45,0,7,145.29704284668,145.29704284668,-76.941711425781,0.077011823654175,false,true,true,true
7495,SAMPLE,CONVERGING,true,true,45,0,12,134.87036132813,134.87036132813,-130.76383972168,0.13108551502228,false,true,true,true
7500,SAMPLE,CONVERGING,true,true,45,0,17,131.31326293945,131.31326293945,-148.88801574707,0.14939761161804,false,true,true,true
7505,SAMPLE,CONVERGING,true,true,45,0,22,130.04591369629,130.04591369629,-155.31011962891,0.15591716766357,false,true,true,true
7510,SAMPLE,CONVERGING,true,true,45,0,27,129.46572875977,129.46572875977,-158.24351501465,0.15888929367065,false,true,true,true
7515,SAMPLE,CONVERGING,true,true,45,0,32,129.36657714844,129.36657714844,-158.74380493164,0.15936863422394,false,true,true,true
7520,SAMPLE,CONVERGING,true,true,45,0,37,129.47673034668,129.47673034668,-158.18634033203,0.15879333019257,false,true,true,true
7525,SAMPLE,CONVERGING,true,true,45,0,42,129.90940856934,129.90940856934,-155.9958190918,0.15754699707031,false,true,true,true
7530,SAMPLE,CONVERGING,true,true,45,0,47,130.14175415039,130.14175415039,-154.81785583496,0.15562951564789,false,true,true,true
7535,SAMPLE,CONVERGING,true,true,45,0,52,130.07925415039,130.07925415039,-155.13418579102,0.15572535991669,false,true,true,true
7540,SAMPLE,CONVERGING,true,true,45,0,57,129.87055969238,129.87055969238,-156.19142150879,0.15678000450134,false,true,true,true
7545,SAMPLE,CONVERGING,true,true,45,0,62,129.66027832031,129.66027832031,-157.25592041016,0.157834649086,false,true,true,true
7550,SAMPLE,CONVERGING,true,true,45,0,67,129.51473999023,129.51473999023,-157.9920501709,0.15860164165497,false,true,true,true
7555,SAMPLE,CONVERGING,true,true,45,0,72,129.22998046875,129.22998046875,-159.43382263184,0.16008770465851,false,true,true,true
7560,SAMPLE,CONVERGING,true,true,45,0,77,129.23394775391,129.23394775391,-159.41473388672,0.16003978252411,false,true,true,true
7565,SAMPLE,CONVERGING,true,true,45,0,82,129.49566650391,129.49566650391,-158.08760070801,0.15869748592377,false,true,true,true
7570,SAMPLE,CONVERGING,true,true,45,0,87,129.44009399414,129.44009399414,-158.36044311523,0.15898513793945,false,true,true,true
7575,SAMPLE,CONVERGING,true,true,45,0,92,129.14350891113,129.14350891113,-159.85160827637,0.15951240062714,false,true,true,true
7580,SAMPLE,CONVERGING,true,true,45,0,97,128.91487121582,128.91487121582,-161.00428771973,0.16166973114014,false,true,true,true
2530,SAMPLE,SHOT_READY,true,true,44,1,0,160.0,160.0,0.0,0.0,true,false,false,false
2531,AUTO_SHOT,FIRED,true,false,43,2,0,160.0,160.0,0.0,0.0,true,false,false,false
2535,SAMPLE,FIRED,true,false,39,2,4,160.0,160.0,0.0,0.0,true,false,false,false
2540,SAMPLE,FIRED,true,false,34,2,9,160.0,160.0,0.0,0.0,true,false,false,false
2543,REARMED,IDLE,true,true,0,0,0,160.0,160.0,0.0,0.0,true,false,false,false
2545,SAMPLE,IDLE,true,true,0,0,2,160.0,160.0,0.0,0.0,true,false,false,false
2550,SAMPLE,IDLE,true,true,0,0,7,160.0,160.0,0.0,0.0,true,false,false,false
2555,SAMPLE,IDLE,true,true,0,0,12,160.0,160.0,0.0,0.0,true,false,false,false
2560,SAMPLE,IDLE,true,true,0,0,17,160.0,160.0,0.0,0.0,true,false,false,false
2565,SAMPLE,IDLE,true,true,0,0,22,160.0,160.0,0.0,0.0,true,false,false,false
2570,SAMPLE,IDLE,true,true,0,0,27,160.0,160.0,0.0,0.0,true,false,false,false
2575,SAMPLE,IDLE,true,true,0,0,32,160.0,160.0,0.0,0.0,true,false,false,false
2580,SAMPLE,IDLE,true,true,0,0,37,160.0,160.0,0.0,0.0,true,false,false,false
2585,SAMPLE,IDLE,true,true,0,0,42,160.0,160.0,0.0,0.0,true,false,false,false
2590,SAMPLE,IDLE,true,true,0,0,47,160.0,160.0,0.0,0.0,true,false,false,false
2595,SAMPLE,IDLE,true,true,0,0,52,160.0,160.0,0.0,0.0,true,false,false,false
2600,SAMPLE,IDLE,true,true,0,0,57,160.0,160.0,0.0,0.0,true,false,false,false
2605,SAMPLE,IDLE,true,true,0,0,62,160.0,160.0,0.0,0.0,true,false,false,false
2610,SAMPLE,IDLE,true,true,0,0,67,160.0,160.0,0.0,0.0,true,false,false,false
2615,SAMPLE,IDLE,true,true,0,0,72,160.0,160.0,0.0,0.0,true,false,false,false
2620,SAMPLE,IDLE,true,true,0,0,77,160.0,160.0,0.0,0.0,true,false,false,false
2625,SAMPLE,IDLE,true,true,0,0,82,160.0,160.0,0.0,0.0,true,false,false,false
2630,SAMPLE,IDLE,true,true,0,0,87,160.0,160.0,0.0,0.0,true,false,false,false
2635,SAMPLE,IDLE,true,true,0,0,92,160.0,160.0,0.0,0.0,true,false,false,false
2640,SAMPLE,IDLE,true,true,0,0,97,160.0,160.0,0.0,0.0,true,false,false,false
