relative_frame,emu_frame,route_index,event,checkpoint,state,death,hitSignal,pointer_hex,aux,differences
0,3081,1,START,,0,0,0,0x801FABDC,0,""
0,3081,1,CHECKPOINT_CAPTURE,START,0,0,0,0x801FABDC,0,""
0,3081,1,START,,0,0,0,0x801FABDC,0,""
1,3082,2,,,0,0,0,0x801FABDC,0,""
2,3083,3,,,0,0,0,0x801FABDC,0,""
3,3084,4,,,0,0,0,0x801FABDC,0,""
4,3085,5,,,0,0,0,0x801FABDC,0,""
5,3086,6,,,0,0,0,0x801FABDC,0,""
6,3087,7,,,0,0,0,0x801FABDC,0,""
7,3088,8,,,0,0,0,0x801FABDC,0,""
8,3089,9,,,0,0,0,0x801FABDC,0,""
9,3090,10,,,0,0,0,0x801FABDC,0,""
10,3091,11,,,0,0,0,0x801FABDC,0,""
11,3092,12,,,0,0,0,0x801FABDC,0,""
12,3093,13,,,0,0,0,0x801FABDC,0,""
13,3094,14,,,0,0,0,0x801FABDC,0,""
14,3095,15,,,0,0,0,0x801FABDC,0,""
15,3096,16,,,0,0,0,0x801FABDC,0,""
16,3097,17,,,0,0,0,0x801FABDC,0,""
17,3098,18,,,0,0,0,0x801FABDC,0,""
18,3099,19,,,0,0,0,0x801FABDC,0,""
19,3100,20,,,0,0,0,0x801FABDC,0,""
20,3101,21,,,0,0,0,0x801FABDC,0,""
21,3102,22,,,0,0,0,0x801FABDC,0,""
22,3103,23,,,0,0,0,0x801FABDC,0,""
23,3104,24,,,0,0,0,0x801FABDC,0,""
24,3105,25,,,0,0,0,0x801FABDC,0,""
25,3106,26,,,0,0,0,0x801FABDC,0,""
26,3107,27,,,0,0,0,0x801FABDC,0,""
27,3108,28,,,0,0,0,0x801FABDC,0,""
28,3109,29,,,0,0,0,0x801FABDC,0,""
29,3110,30,,,0,0,0,0x801FABDC,0,""
30,3111,31,,,0,0,0,0x801FABDC,0,""
31,3112,32,,,0,0,0,0x801FABDC,0,""
32,3113,33,,,0,0,0,0x801FABDC,0,""
33,3114,34,,,0,0,0,0x801FABDC,0,""
34,3115,35,,,0,0,0,0x801FABDC,0,""
35,3116,36,,,0,0,0,0x801FABDC,0,""
36,3117,37,,,0,0,0,0x801FABDC,0,""
37,3118,38,,,0,0,0,0x801FABDC,0,""
38,3119,39,,,0,0,0,0x801FABDC,0,""
39,3120,40,,,0,0,0,0x801FABDC,0,""
40,3121,41,,,0,0,0,0x801FABDC,0,""
41,3122,42,,,0,0,0,0x801FABDC,0,""
42,3123,43,,,0,0,0,0x801FABDC,0,""
43,3124,44,,,0,0,0,0x801FABDC,0,""
44,3125,45,,,0,0,0,0x801FABDC,0,""
45,3126,46,,,0,0,0,0x801FABDC,0,""
46,3127,47,,,0,0,0,0x801FABDC,0,""
47,3128,48,,,0,0,0,0x801FABDC,0,""
48,3129,49,,,0,0,0,0x801FABDC,0,""
49,3130,50,,,0,0,0,0x801FABDC,0,""
50,3131,51,,,0,0,0,0x801FABDC,0,""
51,3132,52,,,0,0,0,0x801FABDC,0,""
52,3133,53,,,0,0,0,0x801FABDC,0,""
53,3134,54,,,0,0,0,0x801FABDC,0,""
54,3135,55,,,0,0,0,0x801FABDC,0,""
55,3136,56,,,0,0,0,0x801FABDC,0,""
56,3137,57,,,0,0,0,0x801FABDC,0,""
57,3138,58,,,0,0,0,0x801FABDC,0,""
58,3139,59,,,0,0,0,0x801FABDC,0,""
59,3140,60,,,0,0,0,0x801FABDC,0,""
60,3141,61,,,0,0,0,0x801FABDC,0,""
61,3142,62,,,0,0,0,0x801FABDC,0,""
62,3143,63,,,0,0,0,0x801FABDC,0,""
63,3144,64,,,0,0,0,0x801FABDC,0,""
64,3145,65,,,0,0,0,0x801FABDC,0,""
65,3146,66,,,0,0,0,0x801FABDC,0,""
66,3147,67,,,0,0,0,0x801FABDC,0,""
67,3148,68,,,0,0,0,0x801FABDC,0,""
68,3149,69,,,0,0,0,0x801FABDC,0,""
69,3150,70,,,0,0,0,0x801FABDC,0,""
70,3151,71,,,0,0,0,0x801FABDC,0,""
71,3152,72,,,0,0,0,0x801FABDC,0,""
72,3153,73,,,0,0,0,0x801FABDC,0,""
73,3154,74,,,0,0,0,0x801FABDC,0,""
74,3155,75,,,0,0,0,0x801FABDC,0,""
75,3156,76,,,0,0,0,0x801FABDC,0,""
76,3157,77,,,0,0,0,0x801FABDC,0,""
77,3158,78,,,0,0,0,0x801FABDC,0,""
78,3159,79,,,0,0,0,0x801FABDC,0,""
79,3160,80,,,0,0,0,0x801FABDC,0,""
80,3161,81,,,0,0,0,0x801FABDC,0,""
81,3162,82,,,0,0,0,0x801FABDC,0,""
82,3163,83,,,0,0,0,0x801FABDC,0,""
83,3164,84,,,0,0,0,0x801FABDC,0,""
84,3165,85,,,0,0,0,0x801FABDC,0,""
85,3166,86,,,0,0,0,0x801FABDC,0,""
86,3167,87,,,0,0,0,0x801FABDC,0,""
87,3168,88,,,0,0,0,0x801FABDC,0,""
88,3169,89,,,0,0,0,0x801FABDC,0,""
89,3170,90,,,0,0,0,0x801FABDC,0,""
90,3171,91,,,0,0,0,0x801FABDC,0,""
91,3172,92,,,0,0,0,0x801FABDC,0,""
92,3173,93,,,0,0,0,0x801FABDC,0,""
93,3174,94,,,0,0,0,0x801FABDC,0,""
94,3175,95,,,0,0,0,0x801FABDC,0,""
95,3176,96,,,0,0,0,0x801FABDC,0,""
96,3177,97,,,0,0,0,0x801FABDC,0,""
97,3178,98,,,0,0,0,0x801FABDC,0,""
98,3179,99,,,0,0,0,0x801FABDC,0,""
99,3180,100,,,0,0,0,0x801FABDC,0,""
100,3181,101,,,0,0,0,0x801FABDC,0,""
101,3182,102,,,0,0,0,0x801FABDC,0,""
102,3183,103,,,0,0,0,0x801FABDC,0,""
103,3184,104,,,0,0,0,0x801FABDC,0,""
104,3185,105,,,0,0,0,0x801FABDC,0,""
105,3186,106,,,0,0,0,0x801FABDC,0,""
106,3187,107,,,0,0,0,0x801FABDC,0,""
107,3188,108,,,0,0,0,0x801FABDC,0,""
108,3189,109,,,0,0,0,0x801FABDC,0,""
109,3190,110,,,0,0,0,0x801FABDC,0,""
110,3191,111,,,0,0,0,0x801FABDC,0,""
111,3192,112,,,0,0,0,0x801FABDC,0,""
112,3193,113,,,0,0,0,0x801FABDC,0,""
113,3194,114,,,0,0,0,0x801FABDC,0,""
114,3195,115,,,0,0,0,0x801FABDC,0,""
115,3196,116,,,0,0,0,0x801FABDC,0,""
116,3197,117,,,0,0,0,0x801FABDC,0,""
117,3198,118,,,0,0,0,0x801FABDC,0,""
118,3199,119,,,0,0,0,0x801FABDC,0,""
119,3200,120,,,0,0,0,0x801FABDC,0,""
120,3201,121,,,0,0,0,0x801FABDC,0,""
121,3202,122,,,0,0,0,0x801FABDC,0,""
122,3203,123,,,0,0,0,0x801FABDC,0,""
123,3204,124,,,0,0,0,0x801FABDC,0,""
124,3205,125,,,0,0,0,0x801FABDC,0,""
125,3206,126,,,0,0,0,0x801FABDC,0,""
126,3207,127,,,0,0,0,0x801FABDC,0,""
127,3208,128,,,0,0,0,0x801FABDC,0,""
128,3209,129,,,0,0,0,0x801FABDC,0,""
129,3210,130,,,0,0,0,0x801FABDC,0,""
130,3211,131,,,0,0,0,0x801FABDC,0,""
131,3212,132,,,0,0,0,0x801FABDC,0,""
132,3213,133,,,0,0,0,0x801FABDC,0,""
133,3214,134,,,0,0,0,0x801FABDC,0,""
134,3215,135,,,0,0,0,0x801FABDC,0,""
135,3216,136,,,0,0,0,0x801FABDC,0,""
136,3217,137,,,0,0,0,0x801FABDC,0,""
137,3218,138,,,0,0,0,0x801FABDC,0,""
138,3219,139,,,0,0,0,0x801FABDC,0,""
139,3220,140,,,0,0,0,0x801FABDC,0,""
140,3221,141,,,0,0,0,0x801FABDC,0,""
141,3222,142,,,0,0,0,0x801FABDC,0,""
142,3223,143,,,0,0,0,0x801FABDC,0,""
143,3224,144,,,0,0,0,0x801FABDC,0,""
144,3225,145,,,0,0,0,0x801FABDC,0,""
145,3226,146,,,0,0,0,0x801FABDC,0,""
146,3227,147,,,0,0,0,0x801FABDC,0,""
147,3228,148,,,0,0,0,0x801FABDC,0,""
148,3229,149,,,0,0,0,0x801FABDC,0,""
149,3230,150,,,0,0,0,0x801FABDC,0,""
150,3231,151,,,0,0,0,0x801FABDC,0,""
151,3232,152,,,0,0,0,0x801FABDC,0,""
152,3233,153,,,0,0,0,0x801FABDC,0,""
153,3234,154,,,0,0,0,0x801FABDC,0,""
154,3235,155,,,0,0,0,0x801FABDC,0,""
155,3236,156,,,0,0,0,0x801FABDC,0,""
156,3237,157,,,0,0,0,0x801FABDC,0,""
157,3238,158,,,0,0,0,0x801FABDC,0,""
158,3239,159,,,0,0,0,0x801FABDC,0,""
159,3240,160,,,0,0,0,0x801FABDC,0,""
160,3241,161,,,0,0,0,0x801FABDC,0,""
161,3242,162,,,0,0,0,0x801FABDC,0,""
162,3243,163,,,0,0,0,0x801FABDC,0,""
163,3244,164,,,0,0,0,0x801FABDC,0,""
164,3245,165,,,0,0,0,0x801FABDC,0,""
165,3246,166,,,0,0,0,0x801FABDC,0,""
166,3247,167,,,0,0,0,0x801FABDC,0,""
167,3248,168,,,0,0,0,0x801FABDC,0,""
168,3249,169,,,0,0,0,0x801FABDC,0,""
169,3250,170,,,0,0,0,0x801FABDC,0,""
170,3251,171,,,0,0,0,0x801FABDC,0,""
171,3252,172,,,0,0,0,0x801FABDC,0,""
172,3253,173,,,0,0,0,0x801FABDC,0,""
173,3254,174,,,0,0,0,0x801FABDC,0,""
174,3255,175,,,0,0,0,0x801FABDC,0,""
175,3256,176,,,0,0,0,0x801FABDC,0,""
176,3257,177,,,0,0,0,0x801FABDC,0,""
177,3258,178,,,0,0,0,0x801FABDC,0,""
178,3259,179,,,0,0,0,0x801FABDC,0,""
179,3260,180,,,0,0,0,0x801FABDC,0,""
180,3261,181,,,0,0,0,0x801FABDC,0,""
181,3262,182,,,0,0,0,0x801FABDC,0,""
182,3263,183,,,0,0,0,0x801FABDC,0,""
183,3264,184,,,0,0,0,0x801FABDC,0,""
184,3265,185,,,0,0,0,0x801FABDC,0,""
185,3266,186,,,0,0,0,0x801FABDC,0,""
186,3267,187,,,0,0,0,0x801FABDC,0,""
187,3268,188,,,0,0,0,0x801FABDC,0,""
188,3269,189,,,0,0,0,0x801FABDC,0,""
189,3270,190,,,0,0,0,0x801FABDC,0,""
190,3271,191,,,0,0,0,0x801FABDC,0,""
191,3272,192,,,0,0,0,0x801FABDC,0,""
192,3273,193,,,0,0,0,0x801FABDC,0,""
193,3274,194,,,0,0,0,0x801FABDC,0,""
194,3275,195,,,0,0,0,0x801FABDC,0,""
195,3276,196,,,0,0,0,0x801FABDC,0,""
196,3277,197,,,0,0,0,0x801FABDC,0,""
197,3278,198,,,0,0,0,0x801FABDC,0,""
198,3279,199,,,0,0,0,0x801FABDC,0,""
199,3280,200,,,0,0,0,0x801FABDC,0,""
200,3281,201,,,0,0,0,0x801FABDC,0,""
201,3282,202,,,0,0,0,0x801FABDC,0,""
202,3283,203,,,0,0,0,0x801FABDC,0,""
203,3284,204,,,0,0,0,0x801FABDC,0,""
204,3285,205,,,0,0,0,0x801FABDC,0,""
205,3286,206,,,0,0,0,0x801FABDC,0,""
206,3287,207,,,0,0,0,0x801FABDC,0,""
207,3288,208,,,0,0,0,0x801FABDC,0,""
208,3289,209,,,0,0,0,0x801FABDC,0,""
209,3290,210,,,0,0,0,0x801FABDC,0,""
210,3291,211,,,0,0,0,0x801FABDC,0,""
211,3292,212,,,0,0,0,0x801FABDC,0,""
212,3293,213,,,0,0,0,0x801FABDC,0,""
213,3294,214,,,0,0,0,0x801FABDC,0,""
214,3295,215,,,0,0,0,0x801FABDC,0,""
215,3296,216,,,0,0,0,0x801FABDC,0,""
216,3297,217,,,0,0,0,0x801FABDC,0,""
217,3298,218,,,0,0,0,0x801FABDC,0,""
218,3299,219,,,0,0,0,0x801FABDC,0,""
219,3300,220,,,0,0,0,0x801FABDC,0,""
220,3301,221,,,0,0,0,0x801FABDC,0,""
221,3302,222,,,0,0,0,0x801FABDC,0,""
222,3303,223,,,0,0,0,0x801FABDC,0,""
223,3304,224,,,0,0,0,0x801FABDC,0,""
224,3305,225,,,0,0,0,0x801FABDC,0,""
225,3306,226,,,0,0,0,0x801FABDC,0,""
226,3307,227,,,0,0,0,0x801FABDC,0,""
227,3308,228,,,0,0,0,0x801FABDC,0,""
228,3309,229,,,0,0,0,0x801FABDC,0,""
229,3310,230,,,0,0,0,0x801FABDC,0,""
230,3311,231,,,0,0,0,0x801FABDC,0,""
231,3312,232,,,0,0,0,0x801FABDC,0,""
232,3313,233,,,0,0,0,0x801FABDC,0,""
233,3314,234,,,0,0,0,0x801FABDC,0,""
234,3315,235,,,0,0,0,0x801FABDC,0,""
235,3316,236,,,0,0,0,0x801FABDC,0,""
236,3317,237,,,0,0,0,0x801FABDC,0,""
237,3318,238,,,0,0,0,0x801FABDC,0,""
238,3319,239,,,0,0,0,0x801FABDC,0,""
239,3320,240,,,0,0,0,0x801FABDC,0,""
240,3321,241,,,0,0,0,0x801FABDC,0,""
241,3322,242,,,0,0,0,0x801FABDC,0,""
242,3323,243,,,0,0,0,0x801FABDC,0,""
243,3324,244,,,0,0,0,0x801FABDC,0,""
244,3325,245,,,0,0,0,0x801FABDC,0,""
245,3326,246,,,0,0,0,0x801FABDC,0,""
246,3327,247,,,0,0,0,0x801FABDC,0,""
247,3328,248,,,0,0,0,0x801FABDC,0,""
248,3329,249,,,0,0,0,0x801FABDC,0,""
249,3330,250,,,0,0,0,0x801FABDC,0,""
250,3331,251,,,0,0,0,0x801FABDC,0,""
251,3332,252,,,0,0,0,0x801FABDC,0,""
252,3333,253,,,0,0,0,0x801FABDC,0,""
253,3334,254,,,0,0,0,0x801FABDC,0,""
254,3335,255,,,0,0,0,0x801FABDC,0,""
255,3336,256,,,0,0,0,0x801FABDC,0,""
256,3337,257,,,0,0,0,0x801FABDC,0,""
257,3338,258,,,0,0,0,0x801FABDC,0,""
258,3339,259,,,0,0,0,0x801FABDC,0,""
259,3340,260,,,0,0,0,0x801FABDC,0,""
260,3341,261,,,0,0,0,0x801FABDC,0,""
261,3342,262,,,0,0,0,0x801FABDC,0,""
262,3343,263,,,0,0,0,0x801FABDC,0,""
263,3344,264,,,0,0,0,0x801FABDC,0,""
264,3345,265,,,0,0,0,0x801FABDC,0,""
265,3346,266,,,0,0,0,0x801FABDC,0,""
266,3347,267,,,0,0,0,0x801FABDC,0,""
267,3348,268,,,0,0,0,0x801FABDC,0,""
268,3349,269,,,0,0,0,0x801FABDC,0,""
269,3350,270,,,0,0,0,0x801FABDC,0,""
270,3351,271,,,0,0,0,0x801FABDC,0,""
271,3352,272,,,0,0,0,0x801FABDC,0,""
272,3353,273,,,0,0,0,0x801FABDC,0,""
273,3354,274,,,0,0,0,0x801FABDC,0,""
274,3355,275,,,0,0,0,0x801FABDC,0,""
275,3356,276,,,0,0,0,0x801FABDC,0,""
276,3357,277,,,0,0,0,0x801FABDC,0,""
277,3358,278,,,0,0,0,0x801FABDC,0,""
278,3359,279,,,0,0,0,0x801FABDC,0,""
279,3360,280,,,0,0,0,0x801FABDC,0,""
280,3361,281,,,0,0,0,0x801FABDC,0,""
281,3362,282,,,0,0,0,0x801FABDC,0,""
282,3363,283,,,0,0,0,0x801FABDC,0,""
283,3364,284,,,0,0,0,0x801FABDC,0,""
284,3365,285,,,0,0,0,0x801FABDC,0,""
285,3366,286,,,0,0,0,0x801FABDC,0,""
286,3367,287,,,0,0,0,0x801FABDC,0,""
287,3368,288,,,0,0,0,0x801FABDC,0,""
288,3369,289,,,0,0,0,0x801FABDC,0,""
289,3370,290,,,0,0,0,0x801FABDC,0,""
290,3371,291,,,0,0,0,0x801FABDC,0,""
291,3372,292,,,0,0,0,0x801FABDC,0,""
292,3373,293,,,0,0,0,0x801FABDC,0,""
293,3374,294,,,0,0,0,0x801FABDC,0,""
294,3375,295,,,0,0,0,0x801FABDC,0,""
295,3376,296,,,0,0,0,0x801FABDC,0,""
296,3377,297,,,0,0,0,0x801FABDC,0,""
297,3378,298,,,0,0,0,0x801FABDC,0,""
298,3379,299,,,0,0,0,0x801FABDC,0,""
299,3380,300,,,0,0,0,0x801FABDC,0,""
300,3381,301,,,0,0,0,0x801FABDC,0,""
301,3382,302,,,0,0,0,0x801FABDC,0,""
302,3383,303,,,0,0,0,0x801FABDC,0,""
303,3384,304,,,0,0,0,0x801FABDC,0,""
304,3385,305,,,0,0,0,0x801FABDC,0,""
305,3386,306,,,0,0,0,0x801FABDC,0,""
306,3387,307,,,0,0,0,0x801FABDC,0,""
307,3388,308,,,0,0,0,0x801FABDC,0,""
308,3389,309,,,0,0,0,0x801FABDC,0,""
309,3390,310,,,0,0,0,0x801FABDC,0,""
310,3391,311,,,0,0,0,0x801FABDC,0,""
311,3392,312,,,0,0,0,0x801FABDC,0,""
312,3393,313,,,0,0,0,0x801FABDC,0,""
313,3394,314,,,0,0,0,0x801FABDC,0,""
314,3395,315,,,0,0,0,0x801FABDC,0,""
315,3396,316,,,0,0,0,0x801FABDC,0,""
316,3397,317,,,0,0,0,0x801FABDC,0,""
317,3398,318,,,0,0,0,0x801FABDC,0,""
318,3399,319,,,0,0,0,0x801FABDC,0,""
319,3400,320,,,0,0,0,0x801FABDC,0,""
320,3401,321,,,0,0,0,0x801FABDC,0,""
321,3402,322,,,0,0,0,0x801FABDC,0,""
322,3403,323,,,0,0,0,0x801FABDC,0,""
323,3404,324,,,0,0,0,0x801FABDC,0,""
324,3405,325,,,0,0,0,0x801FABDC,0,""
325,3406,326,,,0,0,0,0x801FABDC,0,""
326,3407,327,,,0,0,0,0x801FABDC,0,""
327,3408,328,,,0,0,0,0x801FABDC,0,""
328,3409,329,,,0,0,0,0x801FABDC,0,""
329,3410,330,,,0,0,0,0x801FABDC,0,""
330,3411,331,,,0,0,0,0x801FABDC,0,""
331,3412,332,,,0,0,0,0x801FABDC,0,""
332,3413,333,,,0,0,0,0x801FABDC,0,""
333,3414,334,,,0,0,0,0x801FABDC,0,""
334,3415,335,,,0,0,0,0x801FABDC,0,""
335,3416,336,,,0,0,0,0x801FABDC,0,""
336,3417,337,,,0,0,0,0x801FABDC,0,""
337,3418,338,,,0,0,0,0x801FABDC,0,""
338,3419,339,CHECKPOINT_CAPTURE,SOLDIER_VISIBLE,0,0,0,0x801FABDC,0,""
338,3419,339,SOLDIER_VISIBLE,,0,0,0,0x801FABDC,0,""
339,3420,340,,,0,0,0,0x801FABDC,0,""
340,3421,341,,,0,0,0,0x801FABDC,0,""
341,3422,342,,,0,0,0,0x801FABDC,0,""
342,3423,343,,,0,0,0,0x801FABDC,0,""
343,3424,344,,,0,0,0,0x801FABDC,0,""
344,3425,345,,,0,0,0,0x801FABDC,0,""
345,3426,346,,,0,0,0,0x801FABDC,0,""
346,3427,347,,,0,0,0,0x801FABDC,0,""
347,3428,348,,,0,0,0,0x801FABDC,0,""
348,3429,349,,,0,0,0,0x801FABDC,0,""
349,3430,350,,,0,0,0,0x801FABDC,0,""
350,3431,351,,,0,0,0,0x801FABDC,0,""
351,3432,352,,,0,0,0,0x801FABDC,0,""
352,3433,353,,,0,0,0,0x801FABDC,0,""
353,3434,354,,,0,0,0,0x801FABDC,0,""
354,3435,355,,,0,0,0,0x801FABDC,0,""
355,3436,356,,,0,0,0,0x801FABDC,0,""
356,3437,357,,,0,0,0,0x801FABDC,0,""
357,3438,358,,,0,0,0,0x801FABDC,0,""
358,3439,359,,,0,0,0,0x801FABDC,0,""
359,3440,360,,,0,0,0,0x801FABDC,0,""
360,3441,361,,,0,0,0,0x801FABDC,0,""
361,3442,362,,,0,0,0,0x801FABDC,0,""
362,3443,363,,,0,0,0,0x801FABDC,0,""
363,3444,364,,,0,0,0,0x801FABDC,0,""
364,3445,365,,,0,0,0,0x801FABDC,0,""
365,3446,366,,,0,0,0,0x801FABDC,0,""
366,3447,367,,,0,0,0,0x801FABDC,0,""
367,3448,368,,,0,0,0,0x801FABDC,0,""
368,3449,369,,,0,0,0,0x801FABDC,0,""
369,3450,370,,,0,0,0,0x801FABDC,0,""
370,3451,371,,,0,0,0,0x801FABDC,0,""
371,3452,372,,,0,0,0,0x801FABDC,0,""
372,3453,373,,,0,0,0,0x801FABDC,0,""
373,3454,374,,,0,0,0,0x801FABDC,0,""
374,3455,375,,,0,0,0,0x801FABDC,0,""
375,3456,376,,,0,0,0,0x801FABDC,0,""
376,3457,377,,,0,0,0,0x801FABDC,0,""
377,3458,378,,,0,0,0,0x801FABDC,0,""
378,3459,379,,,0,0,0,0x801FABDC,0,""
379,3460,380,,,0,0,0,0x801FABDC,0,""
380,3461,381,,,0,0,0,0x801FABDC,0,""
381,3462,382,,,0,0,0,0x801FABDC,0,""
382,3463,383,,,0,0,0,0x801FABDC,0,""
383,3464,384,,,0,0,0,0x801FABDC,0,""
384,3465,385,,,0,0,0,0x801FABDC,0,""
385,3466,386,,,0,0,0,0x801FABDC,0,""
386,3467,387,,,0,0,0,0x801FABDC,0,""
387,3468,388,,,0,0,0,0x801FABDC,0,""
388,3469,389,,,0,0,0,0x801FABDC,0,""
389,3470,390,,,0,0,0,0x801FABDC,0,""
390,3471,391,,,0,0,0,0x801FABDC,0,""
391,3472,392,,,0,0,0,0x801FABDC,0,""
392,3473,393,,,0,0,0,0x801FABDC,0,""
393,3474,394,,,0,0,0,0x801FABDC,0,""
394,3475,395,,,0,0,0,0x801FABDC,0,""
395,3476,396,,,0,0,0,0x801FABDC,0,""
396,3477,397,,,0,0,0,0x801FABDC,0,""
397,3478,398,,,0,0,0,0x801FABDC,0,""
398,3479,399,,,0,0,0,0x801FABDC,0,""
399,3480,400,,,0,0,0,0x801FABDC,0,""
400,3481,401,,,0,0,0,0x801FABDC,0,""
401,3482,402,,,0,0,0,0x801FABDC,0,""
402,3483,403,,,0,0,0,0x801FABDC,0,""
403,3484,404,,,0,0,0,0x801FABDC,0,""
404,3485,405,,,0,0,0,0x801FABDC,0,""
405,3486,406,,,0,0,0,0x801FABDC,0,""
406,3487,407,,,0,0,0,0x801FABDC,0,""
407,3488,408,,,0,0,0,0x801FABDC,0,""
408,3489,409,,,0,0,0,0x801FABDC,0,""
409,3490,410,,,0,0,0,0x801FABDC,0,""
410,3491,411,,,0,0,0,0x801FABDC,0,""
411,3492,412,,,0,0,0,0x801FABDC,0,""
412,3493,413,,,0,0,0,0x801FABDC,0,""
413,3494,414,,,0,0,0,0x801FABDC,0,""
414,3495,415,,,0,0,0,0x801FABDC,0,""
415,3496,416,,,0,0,0,0x801FABDC,0,""
416,3497,417,,,0,0,0,0x801FABDC,0,""
417,3498,418,,,0,0,0,0x801FABDC,0,""
418,3499,419,,,0,0,0,0x801FABDC,0,""
419,3500,420,,,0,0,0,0x801FABDC,0,""
420,3501,421,,,0,0,0,0x801FABDC,0,""
421,3502,422,,,0,0,0,0x801FABDC,0,""
422,3503,423,,,0,0,0,0x801FABDC,0,""
423,3504,424,,,0,0,0,0x801FABDC,0,""
424,3505,425,,,0,0,0,0x801FABDC,0,""
425,3506,426,,,0,0,0,0x801FABDC,0,""
426,3507,427,,,0,0,0,0x801FABDC,0,""
427,3508,428,,,0,0,0,0x801FABDC,0,""
428,3509,429,,,0,0,0,0x801FABDC,0,""
429,3510,430,,,0,0,0,0x801FABDC,0,""
430,3511,431,,,0,0,0,0x801FABDC,0,""
431,3512,432,,,0,0,0,0x801FABDC,0,""
432,3513,433,,,0,0,0,0x801FABDC,0,""
433,3514,434,,,0,0,0,0x801FABDC,0,""
434,3515,435,,,0,0,0,0x801FABDC,0,""
435,3516,436,,,0,0,0,0x801FABDC,0,""
436,3517,437,,,0,0,0,0x801FABDC,0,""
437,3518,438,,,0,0,0,0x801FABDC,0,""
438,3519,439,,,0,0,0,0x801FABDC,0,""
439,3520,440,,,0,0,0,0x801FABDC,0,""
440,3521,441,,,0,0,0,0x801FABDC,0,""
441,3522,442,,,0,0,0,0x801FABDC,0,""
442,3523,443,,,0,0,0,0x801FABDC,0,""
443,3524,444,,,0,0,0,0x801FABDC,0,""
444,3525,445,,,0,0,0,0x801FABDC,0,""
445,3526,446,,,0,0,0,0x801FABDC,0,""
446,3527,447,,,0,0,0,0x801FABDC,0,""
447,3528,448,,,0,0,0,0x801FABDC,0,""
448,3529,449,,,0,0,0,0x801FABDC,0,""
449,3530,450,,,0,0,0,0x801FABDC,0,""
450,3531,451,,,0,0,0,0x801FABDC,0,""
451,3532,452,,,0,0,0,0x801FABDC,0,""
452,3533,453,,,0,0,0,0x801FABDC,0,""
453,3534,454,,,0,0,0,0x801FABDC,0,""
454,3535,455,,,0,0,0,0x801FABDC,0,""
455,3536,456,,,0,0,0,0x801FABDC,0,""
456,3537,457,,,0,0,0,0x801FABDC,0,""
457,3538,458,,,0,0,0,0x801FABDC,0,""
458,3539,459,,,0,0,0,0x801FABDC,0,""
459,3540,460,,,0,0,0,0x801FABDC,0,""
460,3541,461,,,0,0,0,0x801FABDC,0,""
461,3542,462,,,0,0,0,0x801FABDC,0,""
462,3543,463,,,0,0,0,0x801FABDC,0,""
463,3544,464,,,0,0,0,0x801FABDC,0,""
464,3545,465,,,0,0,0,0x801FABDC,0,""
465,3546,466,,,0,0,0,0x801FABDC,0,""
466,3547,467,,,0,0,0,0x801FABDC,0,""
467,3548,468,,,0,0,0,0x801FABDC,0,""
468,3549,469,,,0,0,0,0x801FABDC,0,""
469,3550,470,,,0,0,0,0x801FABDC,0,""
470,3551,471,,,0,0,0,0x801FABDC,0,""
471,3552,472,,,0,0,0,0x801FABDC,0,""
472,3553,473,,,0,0,0,0x801FABDC,0,""
473,3554,474,,,0,0,0,0x801FABDC,0,""
474,3555,475,,,0,0,0,0x801FABDC,0,""
475,3556,476,,,0,0,0,0x801FABDC,0,""
476,3557,477,,,0,0,0,0x801FABDC,0,""
477,3558,478,,,0,0,0,0x801FABDC,0,""
478,3559,479,,,0,0,0,0x801FABDC,0,""
479,3560,480,,,0,0,0,0x801FABDC,0,""
480,3561,481,,,0,0,0,0x801FABDC,0,""
481,3562,482,,,0,0,0,0x801FABDC,0,""
482,3563,483,,,0,0,0,0x801FABDC,0,""
483,3564,484,,,0,0,0,0x801FABDC,0,""
484,3565,485,,,0,0,0,0x801FABDC,0,""
485,3566,486,,,0,0,0,0x801FABDC,0,""
486,3567,487,,,0,0,0,0x801FABDC,0,""
487,3568,488,,,0,0,0,0x801FABDC,0,""
488,3569,489,,,0,0,0,0x801FABDC,0,""
489,3570,490,,,0,0,0,0x801FABDC,0,""
490,3571,491,,,0,0,0,0x801FABDC,0,""
491,3572,492,,,0,0,0,0x801FABDC,0,""
492,3573,493,,,0,0,0,0x801FABDC,0,""
493,3574,494,,,0,0,0,0x801FABDC,0,""
494,3575,495,,,0,0,0,0x801FABDC,0,""
495,3576,496,,,0,0,0,0x801FABDC,0,""
496,3577,497,,,0,0,0,0x801FABDC,0,""
497,3578,498,,,0,0,0,0x801FABDC,0,""
498,3579,499,,,0,0,0,0x801FABDC,0,""
499,3580,500,,,0,0,0,0x801FABDC,0,""
500,3581,501,,,0,0,0,0x801FABDC,0,""
501,3582,502,,,0,0,0,0x801FABDC,0,""
502,3583,503,,,0,0,0,0x801FABDC,0,""
503,3584,504,,,0,0,0,0x801FABDC,0,""
504,3585,505,,,0,0,0,0x801FABDC,0,""
505,3586,506,,,0,0,0,0x801FABDC,0,""
506,3587,507,,,0,0,0,0x801FABDC,0,""
507,3588,508,,,0,0,0,0x801FABDC,0,""
508,3589,509,,,0,0,0,0x801FABDC,0,""
509,3590,510,,,0,0,0,0x801FABDC,0,""
510,3591,511,,,0,0,0,0x801FABDC,0,""
511,3592,512,,,0,0,0,0x801FABDC,0,""
512,3593,513,,,0,0,0,0x801FABDC,0,""
513,3594,514,,,0,0,0,0x801FABDC,0,""
514,3595,515,,,0,0,0,0x801FABDC,0,""
515,3596,516,,,0,0,0,0x801FABDC,0,""
516,3597,517,,,0,0,0,0x801FABDC,0,""
517,3598,518,,,0,0,0,0x801FABDC,0,""
518,3599,519,,,0,0,0,0x801FABDC,0,""
519,3600,520,,,0,0,0,0x801FABDC,0,""
520,3601,521,,,0,0,0,0x801FABDC,0,""
521,3602,522,,,0,0,0,0x801FABDC,0,""
522,3603,523,,,0,0,0,0x801FABDC,0,""
523,3604,524,,,0,0,0,0x801FABDC,0,""
524,3605,525,,,0,0,0,0x801FABDC,0,""
525,3606,526,,,0,0,0,0x801FABDC,0,""
526,3607,527,,,0,0,0,0x801FABDC,0,""
527,3608,528,,,0,0,0,0x801FABDC,0,""
528,3609,529,,,0,0,0,0x801FABDC,0,""
529,3610,530,,,0,0,0,0x801FABDC,0,""
530,3611,531,,,0,0,0,0x801FABDC,0,""
531,3612,532,,,0,0,0,0x801FABDC,0,""
532,3613,533,,,0,0,0,0x801FABDC,0,""
533,3614,534,,,0,0,0,0x801FABDC,0,""
534,3615,535,,,0,0,0,0x801FABDC,0,""
535,3616,536,,,0,0,0,0x801FABDC,0,""
536,3617,537,,,0,0,0,0x801FABDC,0,""
537,3618,538,,,0,0,0,0x801FABDC,0,""
538,3619,539,,,0,0,0,0x801FABDC,0,""
539,3620,540,,,0,0,0,0x801FABDC,0,""
540,3621,541,,,0,0,0,0x801FABDC,0,""
541,3622,542,,,0,0,0,0x801FABDC,0,""
542,3623,543,,,0,0,0,0x801FABDC,0,""
543,3624,544,,,0,0,0,0x801FABDC,0,""
544,3625,545,,,0,0,0,0x801FABDC,0,""
545,3626,546,,,0,0,0,0x801FABDC,0,""
546,3627,547,,,0,0,0,0x801FABDC,0,""
547,3628,548,,,0,0,0,0x801FABDC,0,""
548,3629,549,,,0,0,0,0x801FABDC,0,""
549,3630,550,,,0,0,0,0x801FABDC,0,""
550,3631,551,,,0,0,0,0x801FABDC,0,""
551,3632,552,,,0,0,0,0x801FABDC,0,""
552,3633,553,,,0,0,0,0x801FABDC,0,""
553,3634,554,,,0,0,0,0x801FABDC,0,""
554,3635,555,,,0,0,0,0x801FABDC,0,""
555,3636,556,,,0,0,0,0x801FABDC,0,""
556,3637,557,,,0,0,0,0x801FABDC,0,""
557,3638,558,,,0,0,0,0x801FABDC,0,""
558,3639,559,,,0,0,0,0x801FABDC,0,""
559,3640,560,,,0,0,0,0x801FABDC,0,""
560,3641,561,,,0,0,0,0x801FABDC,0,""
561,3642,562,,,0,0,0,0x801FABDC,0,""
562,3643,563,,,0,0,0,0x801FABDC,0,""
563,3644,564,,,0,0,0,0x801FABDC,0,""
564,3645,565,,,0,0,0,0x801FABDC,0,""
565,3646,566,,,0,0,0,0x801FABDC,0,""
566,3647,567,,,0,0,0,0x801FABDC,0,""
567,3648,568,,,0,0,0,0x801FABDC,0,""
568,3649,569,,,0,0,0,0x801FABDC,0,""
569,3650,570,,,0,0,0,0x801FABDC,0,""
570,3651,571,,,0,0,0,0x801FABDC,0,""
571,3652,572,,,0,0,0,0x801FABDC,0,""
572,3653,573,,,0,0,0,0x801FABDC,0,""
573,3654,574,,,0,0,0,0x801FABDC,0,""
574,3655,575,,,0,0,0,0x801FABDC,0,""
575,3656,576,,,0,0,0,0x801FABDC,0,""
576,3657,577,,,0,0,0,0x801FABDC,0,""
577,3658,578,,,0,0,0,0x801FABDC,0,""
578,3659,579,,,0,0,0,0x801FABDC,0,""
579,3660,580,,,0,0,0,0x801FABDC,0,""
580,3661,581,,,0,0,0,0x801FABDC,0,""
581,3662,582,,,0,0,0,0x801FABDC,0,""
582,3663,583,,,0,0,0,0x801FABDC,0,""
583,3664,584,,,0,0,0,0x801FABDC,0,""
584,3665,585,,,0,0,0,0x801FABDC,0,""
585,3666,586,,,0,0,0,0x801FABDC,0,""
586,3667,587,,,0,0,0,0x801FABDC,0,""
587,3668,588,,,0,0,0,0x801FABDC,0,""
588,3669,589,,,0,0,0,0x801FABDC,0,""
589,3670,590,,,0,0,0,0x801FABDC,0,""
590,3671,591,,,0,0,0,0x801FABDC,0,""
591,3672,592,,,0,0,0,0x801FABDC,0,""
592,3673,593,,,0,0,0,0x801FABDC,0,""
593,3674,594,,,0,0,0,0x801FABDC,0,""
594,3675,595,,,0,0,0,0x801FABDC,0,""
595,3676,596,,,0,0,0,0x801FABDC,0,""
596,3677,597,,,0,0,0,0x801FABDC,0,""
597,3678,598,,,0,0,0,0x801FABDC,0,""
598,3679,599,,,0,0,0,0x801FABDC,0,""
599,3680,600,,,0,0,0,0x801FABDC,0,""
600,3681,601,,,0,0,0,0x801FABDC,0,""
601,3682,602,,,0,0,0,0x801FABDC,0,""
602,3683,603,,,0,0,0,0x801FABDC,0,""
603,3684,604,,,0,0,0,0x801FABDC,0,""
604,3685,605,,,0,0,0,0x801FABDC,0,""
605,3686,606,,,0,0,0,0x801FABDC,0,""
606,3687,607,,,0,0,0,0x801FABDC,0,""
607,3688,608,,,0,0,0,0x801FABDC,0,""
608,3689,609,,,0,0,0,0x801FABDC,0,""
609,3690,610,,,0,0,0,0x801FABDC,0,""
610,3691,611,,,0,0,0,0x801FABDC,0,""
611,3692,612,,,0,0,0,0x801FABDC,0,""
612,3693,613,,,0,0,0,0x801FABDC,0,""
613,3694,614,,,0,0,0,0x801FABDC,0,""
614,3695,615,,,0,0,0,0x801FABDC,0,""
615,3696,616,,,0,0,0,0x801FABDC,0,""
616,3697,617,,,0,0,0,0x801FABDC,0,""
617,3698,618,,,0,0,0,0x801FABDC,0,""
618,3699,619,,,0,0,0,0x801FABDC,0,""
619,3700,620,,,0,0,0,0x801FABDC,0,""
620,3701,621,,,0,0,0,0x801FABDC,0,""
621,3702,622,,,0,0,0,0x801FABDC,0,""
622,3703,623,,,0,0,0,0x801FABDC,0,""
623,3704,624,,,0,0,0,0x801FABDC,0,""
624,3705,625,,,0,0,0,0x801FABDC,0,""
625,3706,626,,,0,0,0,0x801FABDC,0,""
626,3707,627,,,0,0,0,0x801FABDC,0,""
627,3708,628,,,0,0,0,0x801FABDC,0,""
628,3709,629,,,0,0,0,0x801FABDC,0,""
629,3710,630,,,0,0,0,0x801FABDC,0,""
630,3711,631,,,0,0,0,0x801FABDC,0,""
631,3712,632,,,0,0,0,0x801FABDC,0,""
632,3713,633,,,0,0,0,0x801FABDC,0,""
633,3714,634,,,0,0,0,0x801FABDC,0,""
634,3715,635,,,0,0,0,0x801FABDC,0,""
635,3716,636,,,0,0,0,0x801FABDC,0,""
636,3717,637,,,0,0,0,0x801FABDC,0,""
637,3718,638,,,0,0,0,0x801FABDC,0,""
638,3719,639,,,0,0,0,0x801FABDC,0,""
639,3720,640,,,0,0,0,0x801FABDC,0,""
640,3721,641,,,0,0,0,0x801FABDC,0,""
641,3722,642,,,0,0,0,0x801FABDC,0,""
642,3723,643,,,0,0,0,0x801FABDC,0,""
643,3724,644,,,0,0,0,0x801FABDC,0,""
644,3725,645,,,0,0,0,0x801FABDC,0,""
645,3726,646,,,0,0,0,0x801FABDC,0,""
646,3727,647,,,0,0,0,0x801FABDC,0,""
647,3728,648,,,0,0,0,0x801FABDC,0,""
648,3729,649,,,0,0,0,0x801FABDC,0,""
649,3730,650,,,0,0,0,0x801FABDC,0,""
650,3731,651,,,0,0,0,0x801FABDC,0,""
651,3732,652,,,0,0,0,0x801FABDC,0,""
652,3733,653,,,0,0,0,0x801FABDC,0,""
653,3734,654,,,0,0,0,0x801FABDC,0,""
654,3735,655,,,0,0,0,0x801FABDC,0,""
655,3736,656,,,0,0,0,0x801FABDC,0,""
656,3737,657,,,0,0,0,0x801FABDC,0,""
657,3738,658,,,0,0,0,0x801FABDC,0,""
658,3739,659,,,0,0,0,0x801FABDC,0,""
659,3740,660,,,0,0,0,0x801FABDC,0,""
660,3741,661,,,0,0,0,0x801FABDC,0,""
661,3742,662,,,0,0,0,0x801FABDC,0,""
662,3743,663,,,0,0,0,0x801FABDC,0,""
663,3744,664,,,0,0,0,0x801FABDC,0,""
664,3745,665,,,0,0,0,0x801FABDC,0,""
665,3746,666,,,0,0,0,0x801FABDC,0,""
666,3747,667,,,0,0,0,0x801FABDC,0,""
667,3748,668,,,0,0,0,0x801FABDC,0,""
668,3749,669,,,0,0,0,0x801FABDC,0,""
669,3750,670,,,0,0,0,0x801FABDC,0,""
670,3751,671,,,0,0,0,0x801FABDC,0,""
671,3752,672,,,0,0,0,0x801FABDC,0,""
672,3753,673,,,0,0,0,0x801FABDC,0,""
673,3754,674,,,0,0,0,0x801FABDC,0,""
674,3755,675,,,0,0,0,0x801FABDC,0,""
675,3756,676,,,0,0,0,0x801FABDC,0,""
676,3757,677,,,0,0,0,0x801FABDC,0,""
677,3758,678,,,0,0,0,0x801FABDC,0,""
678,3759,679,,,0,0,0,0x801FABDC,0,""
679,3760,680,,,0,0,0,0x801FABDC,0,""
680,3761,681,,,0,0,0,0x801FABDC,0,""
681,3762,682,,,0,0,0,0x801FABDC,0,""
682,3763,683,,,0,0,0,0x801FABDC,0,""
683,3764,684,,,0,0,0,0x801FABDC,0,""
684,3765,685,,,0,0,0,0x801FABDC,0,""
685,3766,686,,,0,0,0,0x801FABDC,0,""
686,3767,687,,,0,0,0,0x801FABDC,0,""
687,3768,688,,,0,0,0,0x801FABDC,0,""
688,3769,689,,,0,0,0,0x801FABDC,0,""
689,3770,690,,,0,0,0,0x801FABDC,0,""
690,3771,691,,,0,0,0,0x801FABDC,0,""
691,3772,692,,,0,0,0,0x801FABDC,0,""
692,3773,693,,,0,0,0,0x801FABDC,0,""
693,3774,694,,,0,0,0,0x801FABDC,0,""
694,3775,695,,,0,0,0,0x801FABDC,0,""
695,3776,696,,,0,0,0,0x801FABDC,0,""
696,3777,697,,,0,0,0,0x801FABDC,0,""
697,3778,698,,,0,0,0,0x801FABDC,0,""
698,3779,699,,,0,0,0,0x801FABDC,0,""
699,3780,700,,,0,0,0,0x801FABDC,0,""
700,3781,701,,,0,0,0,0x801FABDC,0,""
701,3782,702,,,0,0,0,0x801FABDC,0,""
702,3783,703,,,0,0,0,0x801FABDC,0,""
703,3784,704,,,0,0,0,0x801FABDC,0,""
704,3785,705,,,0,0,0,0x801FABDC,0,""
705,3786,706,,,0,0,0,0x801FABDC,0,""
706,3787,707,,,0,0,0,0x801FABDC,0,""
707,3788,708,,,0,0,0,0x801FABDC,0,""
708,3789,709,,,0,0,0,0x801FABDC,0,""
709,3790,710,,,0,0,0,0x801FABDC,0,""
710,3791,711,,,0,0,0,0x801FABDC,0,""
711,3792,712,,,0,0,0,0x801FABDC,0,""
712,3793,713,,,0,0,0,0x801FABDC,0,""
713,3794,714,CHECKPOINT_CAPTURE,BEFORE_SHOT_1,0,0,0,0x801FABDC,0,""
713,3794,714,,,0,0,0,0x801FABDC,0,""
714,3795,715,,,0,0,0,0x801FABDC,0,""
715,3796,716,,,0,0,0,0x801FABDC,0,""
716,3797,717,,,0,0,0,0x801FABDC,0,""
717,3798,718,,,0,0,0,0x801FABDC,0,""
718,3799,719,,,0,0,0,0x801FABDC,0,""
719,3800,720,,,0,0,0,0x801FABDC,0,""
720,3801,721,,,1,0,1,0x801FABDC,0,""
721,3802,722,,,1,0,1,0x801FABDC,0,""
722,3803,723,OUTCOME_KILL,,1,0,1,0x00000000,63,""
