relative_frame,emu_frame,phase,index,event,state,death,hit_signal,pointer_hex
0,2821,IDLE,0,START,0,0,0,0x801FABDC
0,2821,ROUTE,,MEMORY_CHANGE,0,0,0,0x801FABDC
0,2821,ROUTE,1,START,0,0,0,0x801FABDC
1,2822,ROUTE,2,,0,0,0,0x801FABDC
2,2823,ROUTE,3,,0,0,0,0x801FABDC
3,2824,ROUTE,4,,0,0,0,0x801FABDC
4,2825,ROUTE,5,,0,0,0,0x801FABDC
5,2826,ROUTE,6,,0,0,0,0x801FABDC
6,2827,ROUTE,7,,0,0,0,0x801FABDC
7,2828,ROUTE,8,,0,0,0,0x801FABDC
8,2829,ROUTE,9,,0,0,0,0x801FABDC
9,2830,ROUTE,10,,0,0,0,0x801FABDC
10,2831,ROUTE,11,,0,0,0,0x801FABDC
11,2832,ROUTE,12,,0,0,0,0x801FABDC
12,2833,ROUTE,13,,0,0,0,0x801FABDC
13,2834,ROUTE,14,,0,0,0,0x801FABDC
14,2835,ROUTE,15,,0,0,0,0x801FABDC
15,2836,ROUTE,16,,0,0,0,0x801FABDC
16,2837,ROUTE,17,,0,0,0,0x801FABDC
17,2838,ROUTE,18,,0,0,0,0x801FABDC
18,2839,ROUTE,19,,0,0,0,0x801FABDC
19,2840,ROUTE,20,,0,0,0,0x801FABDC
20,2841,ROUTE,21,,0,0,0,0x801FABDC
21,2842,ROUTE,22,,0,0,0,0x801FABDC
22,2843,ROUTE,23,,0,0,0,0x801FABDC
23,2844,ROUTE,24,,0,0,0,0x801FABDC
24,2845,ROUTE,25,,0,0,0,0x801FABDC
25,2846,ROUTE,26,,0,0,0,0x801FABDC
26,2847,ROUTE,27,,0,0,0,0x801FABDC
27,2848,ROUTE,28,,0,0,0,0x801FABDC
28,2849,ROUTE,29,,0,0,0,0x801FABDC
29,2850,ROUTE,30,,0,0,0,0x801FABDC
30,2851,ROUTE,31,,0,0,0,0x801FABDC
31,2852,ROUTE,32,,0,0,0,0x801FABDC
32,2853,ROUTE,33,,0,0,0,0x801FABDC
33,2854,ROUTE,34,,0,0,0,0x801FABDC
34,2855,ROUTE,35,,0,0,0,0x801FABDC
35,2856,ROUTE,36,,0,0,0,0x801FABDC
36,2857,ROUTE,37,,0,0,0,0x801FABDC
37,2858,ROUTE,38,,0,0,0,0x801FABDC
38,2859,ROUTE,39,,0,0,0,0x801FABDC
39,2860,ROUTE,40,,0,0,0,0x801FABDC
40,2861,ROUTE,41,,0,0,0,0x801FABDC
41,2862,ROUTE,42,,0,0,0,0x801FABDC
42,2863,ROUTE,43,,0,0,0,0x801FABDC
43,2864,ROUTE,44,,0,0,0,0x801FABDC
44,2865,ROUTE,45,,0,0,0,0x801FABDC
45,2866,ROUTE,46,,0,0,0,0x801FABDC
46,2867,ROUTE,47,,0,0,0,0x801FABDC
47,2868,ROUTE,48,,0,0,0,0x801FABDC
48,2869,ROUTE,49,,0,0,0,0x801FABDC
49,2870,ROUTE,50,,0,0,0,0x801FABDC
50,2871,ROUTE,51,,0,0,0,0x801FABDC
51,2872,ROUTE,52,,0,0,0,0x801FABDC
52,2873,ROUTE,53,,0,0,0,0x801FABDC
53,2874,ROUTE,54,,0,0,0,0x801FABDC
54,2875,ROUTE,55,,0,0,0,0x801FABDC
55,2876,ROUTE,56,,0,0,0,0x801FABDC
56,2877,ROUTE,57,,0,0,0,0x801FABDC
57,2878,ROUTE,58,,0,0,0,0x801FABDC
58,2879,ROUTE,59,,0,0,0,0x801FABDC
59,2880,ROUTE,60,,0,0,0,0x801FABDC
60,2881,ROUTE,61,,0,0,0,0x801FABDC
61,2882,ROUTE,62,,0,0,0,0x801FABDC
62,2883,ROUTE,63,,0,0,0,0x801FABDC
63,2884,ROUTE,64,,0,0,0,0x801FABDC
64,2885,ROUTE,65,,0,0,0,0x801FABDC
65,2886,ROUTE,66,,0,0,0,0x801FABDC
66,2887,ROUTE,67,,0,0,0,0x801FABDC
67,2888,ROUTE,68,,0,0,0,0x801FABDC
68,2889,ROUTE,69,,0,0,0,0x801FABDC
69,2890,ROUTE,70,,0,0,0,0x801FABDC
70,2891,ROUTE,71,,0,0,0,0x801FABDC
71,2892,ROUTE,72,,0,0,0,0x801FABDC
72,2893,ROUTE,73,,0,0,0,0x801FABDC
73,2894,ROUTE,74,,0,0,0,0x801FABDC
74,2895,ROUTE,75,,0,0,0,0x801FABDC
75,2896,ROUTE,76,,0,0,0,0x801FABDC
76,2897,ROUTE,77,,0,0,0,0x801FABDC
77,2898,ROUTE,78,,0,0,0,0x801FABDC
78,2899,ROUTE,79,,0,0,0,0x801FABDC
79,2900,ROUTE,80,,0,0,0,0x801FABDC
80,2901,ROUTE,81,,0,0,0,0x801FABDC
81,2902,ROUTE,82,,0,0,0,0x801FABDC
82,2903,ROUTE,83,,0,0,0,0x801FABDC
83,2904,ROUTE,84,,0,0,0,0x801FABDC
84,2905,ROUTE,85,,0,0,0,0x801FABDC
85,2906,ROUTE,86,,0,0,0,0x801FABDC
86,2907,ROUTE,87,,0,0,0,0x801FABDC
87,2908,ROUTE,88,,0,0,0,0x801FABDC
88,2909,ROUTE,89,,0,0,0,0x801FABDC
89,2910,ROUTE,90,,0,0,0,0x801FABDC
90,2911,ROUTE,91,,0,0,0,0x801FABDC
91,2912,ROUTE,92,,0,0,0,0x801FABDC
92,2913,ROUTE,93,,0,0,0,0x801FABDC
93,2914,ROUTE,94,,0,0,0,0x801FABDC
94,2915,ROUTE,95,,0,0,0,0x801FABDC
95,2916,ROUTE,96,,0,0,0,0x801FABDC
96,2917,ROUTE,97,,0,0,0,0x801FABDC
97,2918,ROUTE,98,,0,0,0,0x801FABDC
98,2919,ROUTE,99,,0,0,0,0x801FABDC
99,2920,ROUTE,100,,0,0,0,0x801FABDC
100,2921,ROUTE,101,,0,0,0,0x801FABDC
101,2922,ROUTE,102,,0,0,0,0x801FABDC
102,2923,ROUTE,103,,0,0,0,0x801FABDC
103,2924,ROUTE,104,,0,0,0,0x801FABDC
104,2925,ROUTE,105,,0,0,0,0x801FABDC
105,2926,ROUTE,106,,0,0,0,0x801FABDC
106,2927,ROUTE,107,,0,0,0,0x801FABDC
107,2928,ROUTE,108,,0,0,0,0x801FABDC
108,2929,ROUTE,109,,0,0,0,0x801FABDC
109,2930,ROUTE,110,,0,0,0,0x801FABDC
110,2931,ROUTE,111,,0,0,0,0x801FABDC
111,2932,ROUTE,112,,0,0,0,0x801FABDC
112,2933,ROUTE,113,,0,0,0,0x801FABDC
113,2934,ROUTE,114,,0,0,0,0x801FABDC
114,2935,ROUTE,115,,0,0,0,0x801FABDC
115,2936,ROUTE,116,,0,0,0,0x801FABDC
116,2937,ROUTE,117,,0,0,0,0x801FABDC
117,2938,ROUTE,118,,0,0,0,0x801FABDC
118,2939,ROUTE,119,,0,0,0,0x801FABDC
119,2940,ROUTE,120,,0,0,0,0x801FABDC
120,2941,ROUTE,121,,0,0,0,0x801FABDC
121,2942,ROUTE,122,,0,0,0,0x801FABDC
122,2943,ROUTE,123,,0,0,0,0x801FABDC
123,2944,ROUTE,124,,0,0,0,0x801FABDC
124,2945,ROUTE,125,,0,0,0,0x801FABDC
125,2946,ROUTE,126,,0,0,0,0x801FABDC
126,2947,ROUTE,127,,0,0,0,0x801FABDC
127,2948,ROUTE,128,,0,0,0,0x801FABDC
128,2949,ROUTE,129,,0,0,0,0x801FABDC
129,2950,ROUTE,130,,0,0,0,0x801FABDC
130,2951,ROUTE,131,,0,0,0,0x801FABDC
131,2952,ROUTE,132,,0,0,0,0x801FABDC
132,2953,ROUTE,133,,0,0,0,0x801FABDC
133,2954,ROUTE,134,,0,0,0,0x801FABDC
134,2955,ROUTE,135,,0,0,0,0x801FABDC
135,2956,ROUTE,136,,0,0,0,0x801FABDC
136,2957,ROUTE,137,,0,0,0,0x801FABDC
137,2958,ROUTE,138,,0,0,0,0x801FABDC
138,2959,ROUTE,139,,0,0,0,0x801FABDC
139,2960,ROUTE,140,,0,0,0,0x801FABDC
140,2961,ROUTE,141,,0,0,0,0x801FABDC
141,2962,ROUTE,142,,0,0,0,0x801FABDC
142,2963,ROUTE,143,,0,0,0,0x801FABDC
143,2964,ROUTE,144,,0,0,0,0x801FABDC
144,2965,ROUTE,145,,0,0,0,0x801FABDC
145,2966,ROUTE,146,,0,0,0,0x801FABDC
146,2967,ROUTE,147,,0,0,0,0x801FABDC
147,2968,ROUTE,148,,0,0,0,0x801FABDC
148,2969,ROUTE,149,,0,0,0,0x801FABDC
149,2970,ROUTE,150,,0,0,0,0x801FABDC
150,2971,ROUTE,151,,0,0,0,0x801FABDC
151,2972,ROUTE,152,,0,0,0,0x801FABDC
152,2973,ROUTE,153,,0,0,0,0x801FABDC
153,2974,ROUTE,154,,0,0,0,0x801FABDC
154,2975,ROUTE,155,,0,0,0,0x801FABDC
155,2976,ROUTE,156,,0,0,0,0x801FABDC
156,2977,ROUTE,157,,0,0,0,0x801FABDC
157,2978,ROUTE,158,,0,0,0,0x801FABDC
158,2979,ROUTE,159,,0,0,0,0x801FABDC
159,2980,ROUTE,160,,0,0,0,0x801FABDC
160,2981,ROUTE,161,,0,0,0,0x801FABDC
161,2982,ROUTE,162,,0,0,0,0x801FABDC
162,2983,ROUTE,163,,0,0,0,0x801FABDC
163,2984,ROUTE,164,,0,0,0,0x801FABDC
164,2985,ROUTE,165,,0,0,0,0x801FABDC
165,2986,ROUTE,166,,0,0,0,0x801FABDC
166,2987,ROUTE,167,,0,0,0,0x801FABDC
167,2988,ROUTE,168,,0,0,0,0x801FABDC
168,2989,ROUTE,169,,0,0,0,0x801FABDC
169,2990,ROUTE,170,,0,0,0,0x801FABDC
170,2991,ROUTE,171,,0,0,0,0x801FABDC
171,2992,ROUTE,172,,0,0,0,0x801FABDC
172,2993,ROUTE,173,,0,0,0,0x801FABDC
173,2994,ROUTE,174,,0,0,0,0x801FABDC
174,2995,ROUTE,175,,0,0,0,0x801FABDC
175,2996,ROUTE,176,,0,0,0,0x801FABDC
176,2997,ROUTE,177,,0,0,0,0x801FABDC
177,2998,ROUTE,178,,0,0,0,0x801FABDC
178,2999,ROUTE,179,,0,0,0,0x801FABDC
179,3000,ROUTE,180,,0,0,0,0x801FABDC
180,3001,ROUTE,181,,0,0,0,0x801FABDC
181,3002,ROUTE,182,,0,0,0,0x801FABDC
182,3003,ROUTE,183,,0,0,0,0x801FABDC
183,3004,ROUTE,184,,0,0,0,0x801FABDC
184,3005,ROUTE,185,,0,0,0,0x801FABDC
185,3006,ROUTE,186,,0,0,0,0x801FABDC
186,3007,ROUTE,187,,0,0,0,0x801FABDC
187,3008,ROUTE,188,,0,0,0,0x801FABDC
188,3009,ROUTE,189,,0,0,0,0x801FABDC
189,3010,ROUTE,190,,0,0,0,0x801FABDC
190,3011,ROUTE,191,,0,0,0,0x801FABDC
191,3012,ROUTE,192,,0,0,0,0x801FABDC
192,3013,ROUTE,193,,0,0,0,0x801FABDC
193,3014,ROUTE,194,,0,0,0,0x801FABDC
194,3015,ROUTE,195,,0,0,0,0x801FABDC
195,3016,ROUTE,196,,0,0,0,0x801FABDC
196,3017,ROUTE,197,,0,0,0,0x801FABDC
197,3018,ROUTE,198,,0,0,0,0x801FABDC
198,3019,ROUTE,199,,0,0,0,0x801FABDC
199,3020,ROUTE,200,,0,0,0,0x801FABDC
200,3021,ROUTE,201,,0,0,0,0x801FABDC
201,3022,ROUTE,202,,0,0,0,0x801FABDC
202,3023,ROUTE,203,,0,0,0,0x801FABDC
203,3024,ROUTE,204,,0,0,0,0x801FABDC
204,3025,ROUTE,205,,0,0,0,0x801FABDC
205,3026,ROUTE,206,,0,0,0,0x801FABDC
206,3027,ROUTE,207,,0,0,0,0x801FABDC
207,3028,ROUTE,208,,0,0,0,0x801FABDC
208,3029,ROUTE,209,,0,0,0,0x801FABDC
209,3030,ROUTE,210,,0,0,0,0x801FABDC
210,3031,ROUTE,211,,0,0,0,0x801FABDC
211,3032,ROUTE,212,,0,0,0,0x801FABDC
212,3033,ROUTE,213,,0,0,0,0x801FABDC
213,3034,ROUTE,214,,0,0,0,0x801FABDC
214,3035,ROUTE,215,,0,0,0,0x801FABDC
215,3036,ROUTE,216,,0,0,0,0x801FABDC
216,3037,ROUTE,217,,0,0,0,0x801FABDC
217,3038,ROUTE,218,,0,0,0,0x801FABDC
218,3039,ROUTE,219,,0,0,0,0x801FABDC
219,3040,ROUTE,220,,0,0,0,0x801FABDC
220,3041,ROUTE,221,,0,0,0,0x801FABDC
221,3042,ROUTE,222,,0,0,0,0x801FABDC
222,3043,ROUTE,223,,0,0,0,0x801FABDC
223,3044,ROUTE,224,,0,0,0,0x801FABDC
224,3045,ROUTE,225,,0,0,0,0x801FABDC
225,3046,ROUTE,226,,0,0,0,0x801FABDC
226,3047,ROUTE,227,,0,0,0,0x801FABDC
227,3048,ROUTE,228,,0,0,0,0x801FABDC
228,3049,ROUTE,229,,0,0,0,0x801FABDC
229,3050,ROUTE,230,,0,0,0,0x801FABDC
230,3051,ROUTE,231,,0,0,0,0x801FABDC
231,3052,ROUTE,232,,0,0,0,0x801FABDC
232,3053,ROUTE,233,,0,0,0,0x801FABDC
233,3054,ROUTE,234,,0,0,0,0x801FABDC
234,3055,ROUTE,235,,0,0,0,0x801FABDC
235,3056,ROUTE,236,,0,0,0,0x801FABDC
236,3057,ROUTE,237,,0,0,0,0x801FABDC
237,3058,ROUTE,238,,0,0,0,0x801FABDC
238,3059,ROUTE,239,,0,0,0,0x801FABDC
239,3060,ROUTE,240,,0,0,0,0x801FABDC
240,3061,ROUTE,241,,0,0,0,0x801FABDC
241,3062,ROUTE,242,,0,0,0,0x801FABDC
242,3063,ROUTE,243,,0,0,0,0x801FABDC
243,3064,ROUTE,244,,0,0,0,0x801FABDC
244,3065,ROUTE,245,,0,0,0,0x801FABDC
245,3066,ROUTE,246,,0,0,0,0x801FABDC
246,3067,ROUTE,247,,0,0,0,0x801FABDC
247,3068,ROUTE,248,,0,0,0,0x801FABDC
248,3069,ROUTE,249,,0,0,0,0x801FABDC
249,3070,ROUTE,250,,0,0,0,0x801FABDC
250,3071,ROUTE,251,,0,0,0,0x801FABDC
251,3072,ROUTE,252,,0,0,0,0x801FABDC
252,3073,ROUTE,253,,0,0,0,0x801FABDC
253,3074,ROUTE,254,,0,0,0,0x801FABDC
254,3075,ROUTE,255,,0,0,0,0x801FABDC
255,3076,ROUTE,256,,0,0,0,0x801FABDC
256,3077,ROUTE,257,,0,0,0,0x801FABDC
257,3078,ROUTE,258,,0,0,0,0x801FABDC
258,3079,ROUTE,259,,0,0,0,0x801FABDC
259,3080,ROUTE,260,,0,0,0,0x801FABDC
260,3081,ROUTE,261,,0,0,0,0x801FABDC
261,3082,ROUTE,262,,0,0,0,0x801FABDC
262,3083,ROUTE,263,,0,0,0,0x801FABDC
263,3084,ROUTE,264,,0,0,0,0x801FABDC
264,3085,ROUTE,265,,0,0,0,0x801FABDC
265,3086,ROUTE,266,,0,0,0,0x801FABDC
266,3087,ROUTE,267,,0,0,0,0x801FABDC
267,3088,ROUTE,268,,0,0,0,0x801FABDC
268,3089,ROUTE,269,,0,0,0,0x801FABDC
269,3090,ROUTE,270,,0,0,0,0x801FABDC
270,3091,ROUTE,271,,0,0,0,0x801FABDC
271,3092,ROUTE,272,,0,0,0,0x801FABDC
272,3093,ROUTE,273,,0,0,0,0x801FABDC
273,3094,ROUTE,274,,0,0,0,0x801FABDC
274,3095,ROUTE,275,,0,0,0,0x801FABDC
275,3096,ROUTE,276,,0,0,0,0x801FABDC
276,3097,ROUTE,277,,0,0,0,0x801FABDC
277,3098,ROUTE,278,,0,0,0,0x801FABDC
278,3099,ROUTE,279,,0,0,0,0x801FABDC
279,3100,ROUTE,280,,0,0,0,0x801FABDC
280,3101,ROUTE,281,,0,0,0,0x801FABDC
281,3102,ROUTE,282,,0,0,0,0x801FABDC
282,3103,ROUTE,283,,0,0,0,0x801FABDC
283,3104,ROUTE,284,,0,0,0,0x801FABDC
284,3105,ROUTE,285,,0,0,0,0x801FABDC
285,3106,ROUTE,286,,0,0,0,0x801FABDC
286,3107,ROUTE,287,,0,0,0,0x801FABDC
287,3108,ROUTE,288,,0,0,0,0x801FABDC
288,3109,ROUTE,289,,0,0,0,0x801FABDC
289,3110,ROUTE,290,,0,0,0,0x801FABDC
290,3111,ROUTE,291,,0,0,0,0x801FABDC
291,3112,ROUTE,292,,0,0,0,0x801FABDC
292,3113,ROUTE,293,,0,0,0,0x801FABDC
293,3114,ROUTE,294,,0,0,0,0x801FABDC
294,3115,ROUTE,295,,0,0,0,0x801FABDC
295,3116,ROUTE,296,,0,0,0,0x801FABDC
296,3117,ROUTE,297,,0,0,0,0x801FABDC
297,3118,ROUTE,298,,0,0,0,0x801FABDC
298,3119,ROUTE,299,,0,0,0,0x801FABDC
299,3120,ROUTE,300,,0,0,0,0x801FABDC
300,3121,ROUTE,301,,0,0,0,0x801FABDC
301,3122,ROUTE,302,,0,0,0,0x801FABDC
302,3123,ROUTE,303,,0,0,0,0x801FABDC
303,3124,ROUTE,304,,0,0,0,0x801FABDC
304,3125,ROUTE,305,,0,0,0,0x801FABDC
305,3126,ROUTE,306,,0,0,0,0x801FABDC
306,3127,ROUTE,307,,0,0,0,0x801FABDC
307,3128,ROUTE,308,,0,0,0,0x801FABDC
308,3129,ROUTE,309,,0,0,0,0x801FABDC
309,3130,ROUTE,310,,0,0,0,0x801FABDC
310,3131,ROUTE,311,,0,0,0,0x801FABDC
311,3132,ROUTE,312,,0,0,0,0x801FABDC
312,3133,ROUTE,313,,0,0,0,0x801FABDC
313,3134,ROUTE,314,,0,0,0,0x801FABDC
314,3135,ROUTE,315,,0,0,0,0x801FABDC
315,3136,ROUTE,316,,0,0,0,0x801FABDC
316,3137,ROUTE,317,,0,0,0,0x801FABDC
317,3138,ROUTE,318,,0,0,0,0x801FABDC
318,3139,ROUTE,319,,0,0,0,0x801FABDC
319,3140,ROUTE,320,,0,0,0,0x801FABDC
320,3141,ROUTE,321,,0,0,0,0x801FABDC
321,3142,ROUTE,322,,0,0,0,0x801FABDC
322,3143,ROUTE,323,,0,0,0,0x801FABDC
323,3144,ROUTE,324,,0,0,0,0x801FABDC
324,3145,ROUTE,325,,0,0,0,0x801FABDC
325,3146,ROUTE,326,,0,0,0,0x801FABDC
326,3147,ROUTE,327,,0,0,0,0x801FABDC
327,3148,ROUTE,328,,0,0,0,0x801FABDC
328,3149,ROUTE,329,,0,0,0,0x801FABDC
329,3150,ROUTE,330,,0,0,0,0x801FABDC
330,3151,ROUTE,331,,0,0,0,0x801FABDC
331,3152,ROUTE,332,,0,0,0,0x801FABDC
332,3153,ROUTE,333,,0,0,0,0x801FABDC
333,3154,ROUTE,334,,0,0,0,0x801FABDC
334,3155,ROUTE,335,,0,0,0,0x801FABDC
335,3156,ROUTE,336,,0,0,0,0x801FABDC
336,3157,ROUTE,337,,0,0,0,0x801FABDC
337,3158,ROUTE,338,,0,0,0,0x801FABDC
338,3159,ROUTE,339,SOLDIER_VISIBLE,0,0,0,0x801FABDC
339,3160,ROUTE,340,,0,0,0,0x801FABDC
340,3161,ROUTE,341,,0,0,0,0x801FABDC
341,3162,ROUTE,342,,0,0,0,0x801FABDC
342,3163,ROUTE,343,,0,0,0,0x801FABDC
343,3164,ROUTE,344,,0,0,0,0x801FABDC
344,3165,ROUTE,345,,0,0,0,0x801FABDC
345,3166,ROUTE,346,,0,0,0,0x801FABDC
346,3167,ROUTE,347,,0,0,0,0x801FABDC
347,3168,ROUTE,348,,0,0,0,0x801FABDC
348,3169,ROUTE,349,,0,0,0,0x801FABDC
349,3170,ROUTE,350,,0,0,0,0x801FABDC
350,3171,ROUTE,351,,0,0,0,0x801FABDC
351,3172,ROUTE,352,,0,0,0,0x801FABDC
352,3173,ROUTE,353,,0,0,0,0x801FABDC
353,3174,ROUTE,354,,0,0,0,0x801FABDC
354,3175,ROUTE,355,,0,0,0,0x801FABDC
355,3176,ROUTE,356,,0,0,0,0x801FABDC
356,3177,ROUTE,357,,0,0,0,0x801FABDC
357,3178,ROUTE,358,,0,0,0,0x801FABDC
358,3179,ROUTE,359,,0,0,0,0x801FABDC
359,3180,ROUTE,360,,0,0,0,0x801FABDC
360,3181,ROUTE,361,,0,0,0,0x801FABDC
361,3182,ROUTE,362,,0,0,0,0x801FABDC
362,3183,ROUTE,363,,0,0,0,0x801FABDC
363,3184,ROUTE,364,,0,0,0,0x801FABDC
364,3185,ROUTE,365,,0,0,0,0x801FABDC
365,3186,ROUTE,366,,0,0,0,0x801FABDC
366,3187,ROUTE,367,,0,0,0,0x801FABDC
367,3188,ROUTE,368,,0,0,0,0x801FABDC
368,3189,ROUTE,369,,0,0,0,0x801FABDC
369,3190,ROUTE,370,,0,0,0,0x801FABDC
370,3191,ROUTE,371,,0,0,0,0x801FABDC
371,3192,ROUTE,372,,0,0,0,0x801FABDC
372,3193,ROUTE,373,,0,0,0,0x801FABDC
373,3194,ROUTE,374,,0,0,0,0x801FABDC
374,3195,ROUTE,375,,0,0,0,0x801FABDC
375,3196,ROUTE,376,,0,0,0,0x801FABDC
376,3197,ROUTE,377,,0,0,0,0x801FABDC
377,3198,ROUTE,378,,0,0,0,0x801FABDC
378,3199,ROUTE,379,,0,0,0,0x801FABDC
379,3200,ROUTE,380,,0,0,0,0x801FABDC
380,3201,ROUTE,381,,0,0,0,0x801FABDC
381,3202,ROUTE,382,,0,0,0,0x801FABDC
382,3203,ROUTE,383,,0,0,0,0x801FABDC
383,3204,ROUTE,384,,0,0,0,0x801FABDC
384,3205,ROUTE,385,,0,0,0,0x801FABDC
385,3206,ROUTE,386,,0,0,0,0x801FABDC
386,3207,ROUTE,387,,0,0,0,0x801FABDC
387,3208,ROUTE,388,,0,0,0,0x801FABDC
388,3209,ROUTE,389,,0,0,0,0x801FABDC
389,3210,ROUTE,390,,0,0,0,0x801FABDC
390,3211,ROUTE,391,,0,0,0,0x801FABDC
391,3212,ROUTE,392,,0,0,0,0x801FABDC
392,3213,ROUTE,393,,0,0,0,0x801FABDC
393,3214,ROUTE,394,,0,0,0,0x801FABDC
394,3215,ROUTE,395,,0,0,0,0x801FABDC
395,3216,ROUTE,396,,0,0,0,0x801FABDC
396,3217,ROUTE,397,,0,0,0,0x801FABDC
397,3218,ROUTE,398,,0,0,0,0x801FABDC
398,3219,ROUTE,399,,0,0,0,0x801FABDC
399,3220,ROUTE,400,,0,0,0,0x801FABDC
400,3221,ROUTE,401,,0,0,0,0x801FABDC
401,3222,ROUTE,402,,0,0,0,0x801FABDC
402,3223,ROUTE,403,,0,0,0,0x801FABDC
403,3224,ROUTE,404,,0,0,0,0x801FABDC
404,3225,ROUTE,405,,0,0,0,0x801FABDC
405,3226,ROUTE,406,,0,0,0,0x801FABDC
406,3227,ROUTE,407,,0,0,0,0x801FABDC
407,3228,ROUTE,408,,0,0,0,0x801FABDC
408,3229,ROUTE,409,,0,0,0,0x801FABDC
409,3230,ROUTE,410,,0,0,0,0x801FABDC
410,3231,ROUTE,411,,0,0,0,0x801FABDC
411,3232,ROUTE,412,,0,0,0,0x801FABDC
412,3233,ROUTE,413,,0,0,0,0x801FABDC
413,3234,ROUTE,414,,0,0,0,0x801FABDC
414,3235,ROUTE,415,,0,0,0,0x801FABDC
415,3236,ROUTE,416,,0,0,0,0x801FABDC
416,3237,ROUTE,417,,0,0,0,0x801FABDC
417,3238,ROUTE,418,,0,0,0,0x801FABDC
418,3239,ROUTE,419,,0,0,0,0x801FABDC
419,3240,ROUTE,420,,0,0,0,0x801FABDC
420,3241,ROUTE,421,,0,0,0,0x801FABDC
421,3242,ROUTE,422,,0,0,0,0x801FABDC
422,3243,ROUTE,423,,0,0,0,0x801FABDC
423,3244,ROUTE,424,,0,0,0,0x801FABDC
424,3245,ROUTE,425,,0,0,0,0x801FABDC
425,3246,ROUTE,426,,0,0,0,0x801FABDC
426,3247,ROUTE,427,,0,0,0,0x801FABDC
427,3248,ROUTE,428,,0,0,0,0x801FABDC
428,3249,ROUTE,429,,0,0,0,0x801FABDC
429,3250,ROUTE,430,,0,0,0,0x801FABDC
430,3251,ROUTE,431,,0,0,0,0x801FABDC
431,3252,ROUTE,432,,0,0,0,0x801FABDC
432,3253,ROUTE,433,,0,0,0,0x801FABDC
433,3254,ROUTE,434,,0,0,0,0x801FABDC
434,3255,ROUTE,435,,0,0,0,0x801FABDC
435,3256,ROUTE,436,,0,0,0,0x801FABDC
436,3257,ROUTE,437,,0,0,0,0x801FABDC
437,3258,ROUTE,438,,0,0,0,0x801FABDC
438,3259,ROUTE,439,,0,0,0,0x801FABDC
439,3260,ROUTE,440,,0,0,0,0x801FABDC
440,3261,ROUTE,441,,0,0,0,0x801FABDC
441,3262,ROUTE,442,,0,0,0,0x801FABDC
442,3263,ROUTE,443,,0,0,0,0x801FABDC
443,3264,ROUTE,444,,0,0,0,0x801FABDC
444,3265,ROUTE,445,,0,0,0,0x801FABDC
445,3266,ROUTE,446,,0,0,0,0x801FABDC
446,3267,ROUTE,447,,0,0,0,0x801FABDC
447,3268,ROUTE,448,,0,0,0,0x801FABDC
448,3269,ROUTE,449,,0,0,0,0x801FABDC
449,3270,ROUTE,450,,0,0,0,0x801FABDC
450,3271,ROUTE,451,,0,0,0,0x801FABDC
451,3272,ROUTE,452,,0,0,0,0x801FABDC
452,3273,ROUTE,453,,0,0,0,0x801FABDC
453,3274,ROUTE,454,,0,0,0,0x801FABDC
454,3275,ROUTE,455,,0,0,0,0x801FABDC
455,3276,ROUTE,456,,0,0,0,0x801FABDC
456,3277,ROUTE,457,,0,0,0,0x801FABDC
457,3278,ROUTE,458,,0,0,0,0x801FABDC
458,3279,ROUTE,459,,0,0,0,0x801FABDC
459,3280,ROUTE,460,,0,0,0,0x801FABDC
460,3281,ROUTE,461,,0,0,0,0x801FABDC
461,3282,ROUTE,462,,0,0,0,0x801FABDC
462,3283,ROUTE,463,,0,0,0,0x801FABDC
463,3284,ROUTE,464,,0,0,0,0x801FABDC
464,3285,ROUTE,465,,0,0,0,0x801FABDC
465,3286,ROUTE,466,,0,0,0,0x801FABDC
466,3287,ROUTE,467,,0,0,0,0x801FABDC
467,3288,ROUTE,468,,0,0,0,0x801FABDC
468,3289,ROUTE,469,,0,0,0,0x801FABDC
469,3290,ROUTE,470,,0,0,0,0x801FABDC
470,3291,ROUTE,471,,0,0,0,0x801FABDC
471,3292,ROUTE,472,,0,0,0,0x801FABDC
472,3293,ROUTE,473,,0,0,0,0x801FABDC
473,3294,ROUTE,474,,0,0,0,0x801FABDC
474,3295,ROUTE,475,,0,0,0,0x801FABDC
475,3296,ROUTE,476,,0,0,0,0x801FABDC
476,3297,ROUTE,477,,0,0,0,0x801FABDC
477,3298,ROUTE,478,,0,0,0,0x801FABDC
478,3299,ROUTE,479,,0,0,0,0x801FABDC
479,3300,ROUTE,480,,0,0,0,0x801FABDC
480,3301,ROUTE,481,,0,0,0,0x801FABDC
481,3302,ROUTE,482,,0,0,0,0x801FABDC
482,3303,ROUTE,483,,0,0,0,0x801FABDC
483,3304,ROUTE,484,,0,0,0,0x801FABDC
484,3305,ROUTE,485,,0,0,0,0x801FABDC
485,3306,ROUTE,486,,0,0,0,0x801FABDC
486,3307,ROUTE,487,,0,0,0,0x801FABDC
487,3308,ROUTE,488,,0,0,0,0x801FABDC
488,3309,ROUTE,489,,0,0,0,0x801FABDC
489,3310,ROUTE,490,,0,0,0,0x801FABDC
490,3311,ROUTE,491,,0,0,0,0x801FABDC
491,3312,ROUTE,492,,0,0,0,0x801FABDC
492,3313,ROUTE,493,,0,0,0,0x801FABDC
493,3314,ROUTE,494,,0,0,0,0x801FABDC
494,3315,ROUTE,495,,0,0,0,0x801FABDC
495,3316,ROUTE,496,,0,0,0,0x801FABDC
496,3317,ROUTE,497,,0,0,0,0x801FABDC
497,3318,ROUTE,498,,0,0,0,0x801FABDC
498,3319,ROUTE,499,,0,0,0,0x801FABDC
499,3320,ROUTE,500,,0,0,0,0x801FABDC
500,3321,ROUTE,501,,0,0,0,0x801FABDC
501,3322,ROUTE,502,,0,0,0,0x801FABDC
502,3323,ROUTE,503,,0,0,0,0x801FABDC
503,3324,ROUTE,504,,0,0,0,0x801FABDC
504,3325,ROUTE,505,,0,0,0,0x801FABDC
505,3326,ROUTE,506,,0,0,0,0x801FABDC
506,3327,ROUTE,507,,0,0,0,0x801FABDC
507,3328,ROUTE,508,,0,0,0,0x801FABDC
508,3329,ROUTE,509,,0,0,0,0x801FABDC
509,3330,ROUTE,510,,0,0,0,0x801FABDC
510,3331,ROUTE,511,,0,0,0,0x801FABDC
511,3332,ROUTE,512,,0,0,0,0x801FABDC
512,3333,ROUTE,513,,0,0,0,0x801FABDC
513,3334,ROUTE,514,,0,0,0,0x801FABDC
514,3335,ROUTE,515,,0,0,0,0x801FABDC
515,3336,ROUTE,516,,0,0,0,0x801FABDC
516,3337,ROUTE,517,,0,0,0,0x801FABDC
517,3338,ROUTE,518,,0,0,0,0x801FABDC
518,3339,ROUTE,519,,0,0,0,0x801FABDC
519,3340,ROUTE,520,,0,0,0,0x801FABDC
520,3341,ROUTE,521,,0,0,0,0x801FABDC
521,3342,ROUTE,522,,0,0,0,0x801FABDC
522,3343,ROUTE,523,,0,0,0,0x801FABDC
523,3344,ROUTE,524,,0,0,0,0x801FABDC
524,3345,ROUTE,525,,0,0,0,0x801FABDC
525,3346,ROUTE,526,,0,0,0,0x801FABDC
526,3347,ROUTE,527,,0,0,0,0x801FABDC
527,3348,ROUTE,528,,0,0,0,0x801FABDC
528,3349,ROUTE,529,,0,0,0,0x801FABDC
529,3350,ROUTE,530,,0,0,0,0x801FABDC
530,3351,ROUTE,531,,0,0,0,0x801FABDC
531,3352,ROUTE,532,,0,0,0,0x801FABDC
532,3353,ROUTE,533,,0,0,0,0x801FABDC
533,3354,ROUTE,534,,0,0,0,0x801FABDC
534,3355,ROUTE,535,,0,0,0,0x801FABDC
535,3356,ROUTE,536,,0,0,0,0x801FABDC
536,3357,ROUTE,537,,0,0,0,0x801FABDC
537,3358,ROUTE,538,,0,0,0,0x801FABDC
538,3359,ROUTE,539,,0,0,0,0x801FABDC
539,3360,ROUTE,540,,0,0,0,0x801FABDC
540,3361,ROUTE,541,,0,0,0,0x801FABDC
541,3362,ROUTE,542,,0,0,0,0x801FABDC
542,3363,ROUTE,543,,0,0,0,0x801FABDC
543,3364,ROUTE,544,,0,0,0,0x801FABDC
544,3365,ROUTE,545,,0,0,0,0x801FABDC
545,3366,ROUTE,546,,0,0,0,0x801FABDC
546,3367,ROUTE,547,,0,0,0,0x801FABDC
547,3368,ROUTE,548,,0,0,0,0x801FABDC
548,3369,ROUTE,549,,0,0,0,0x801FABDC
549,3370,ROUTE,550,,0,0,0,0x801FABDC
550,3371,ROUTE,551,,0,0,0,0x801FABDC
551,3372,ROUTE,552,,0,0,0,0x801FABDC
552,3373,ROUTE,553,,0,0,0,0x801FABDC
553,3374,ROUTE,554,,0,0,0,0x801FABDC
554,3375,ROUTE,555,,0,0,0,0x801FABDC
555,3376,ROUTE,556,,0,0,0,0x801FABDC
556,3377,ROUTE,557,,0,0,0,0x801FABDC
557,3378,ROUTE,558,,0,0,0,0x801FABDC
558,3379,ROUTE,559,,0,0,0,0x801FABDC
559,3380,ROUTE,560,,0,0,0,0x801FABDC
560,3381,ROUTE,561,,0,0,0,0x801FABDC
561,3382,ROUTE,562,,0,0,0,0x801FABDC
562,3383,ROUTE,563,,0,0,0,0x801FABDC
563,3384,ROUTE,564,,0,0,0,0x801FABDC
564,3385,ROUTE,565,,0,0,0,0x801FABDC
565,3386,ROUTE,566,,0,0,0,0x801FABDC
566,3387,ROUTE,567,,0,0,0,0x801FABDC
567,3388,ROUTE,568,,0,0,0,0x801FABDC
568,3389,ROUTE,569,,0,0,0,0x801FABDC
569,3390,ROUTE,570,,0,0,0,0x801FABDC
570,3391,ROUTE,571,,0,0,0,0x801FABDC
571,3392,ROUTE,572,,0,0,0,0x801FABDC
572,3393,ROUTE,573,,0,0,0,0x801FABDC
573,3394,ROUTE,574,,0,0,0,0x801FABDC
574,3395,ROUTE,575,,0,0,0,0x801FABDC
575,3396,ROUTE,576,,0,0,0,0x801FABDC
576,3397,ROUTE,577,,0,0,0,0x801FABDC
577,3398,ROUTE,578,,0,0,0,0x801FABDC
578,3399,ROUTE,579,,0,0,0,0x801FABDC
579,3400,ROUTE,580,,0,0,0,0x801FABDC
580,3401,ROUTE,581,,0,0,0,0x801FABDC
581,3402,ROUTE,582,,0,0,0,0x801FABDC
582,3403,ROUTE,583,,0,0,0,0x801FABDC
583,3404,ROUTE,584,,0,0,0,0x801FABDC
584,3405,ROUTE,585,,0,0,0,0x801FABDC
585,3406,ROUTE,586,,0,0,0,0x801FABDC
586,3407,ROUTE,587,,0,0,0,0x801FABDC
587,3408,ROUTE,588,,0,0,0,0x801FABDC
588,3409,ROUTE,589,,0,0,0,0x801FABDC
589,3410,ROUTE,590,,0,0,0,0x801FABDC
590,3411,ROUTE,591,,0,0,0,0x801FABDC
591,3412,ROUTE,592,,0,0,0,0x801FABDC
592,3413,ROUTE,593,,0,0,0,0x801FABDC
593,3414,ROUTE,594,,0,0,0,0x801FABDC
594,3415,ROUTE,595,,0,0,0,0x801FABDC
595,3416,ROUTE,596,,0,0,0,0x801FABDC
596,3417,ROUTE,597,,0,0,0,0x801FABDC
597,3418,ROUTE,598,,0,0,0,0x801FABDC
598,3419,ROUTE,599,,0,0,0,0x801FABDC
599,3420,ROUTE,600,,0,0,0,0x801FABDC
600,3421,ROUTE,601,,0,0,0,0x801FABDC
601,3422,ROUTE,602,,0,0,0,0x801FABDC
602,3423,ROUTE,603,,0,0,0,0x801FABDC
603,3424,ROUTE,604,,0,0,0,0x801FABDC
604,3425,ROUTE,605,,0,0,0,0x801FABDC
605,3426,ROUTE,606,,0,0,0,0x801FABDC
606,3427,ROUTE,607,,0,0,0,0x801FABDC
607,3428,ROUTE,608,,0,0,0,0x801FABDC
608,3429,ROUTE,609,,0,0,0,0x801FABDC
609,3430,ROUTE,610,,0,0,0,0x801FABDC
610,3431,ROUTE,611,,0,0,0,0x801FABDC
611,3432,ROUTE,612,,0,0,0,0x801FABDC
612,3433,ROUTE,613,,0,0,0,0x801FABDC
613,3434,ROUTE,614,,0,0,0,0x801FABDC
614,3435,ROUTE,615,,0,0,0,0x801FABDC
615,3436,ROUTE,616,,0,0,0,0x801FABDC
616,3437,ROUTE,617,,0,0,0,0x801FABDC
617,3438,ROUTE,618,,0,0,0,0x801FABDC
618,3439,ROUTE,619,,0,0,0,0x801FABDC
619,3440,ROUTE,620,,0,0,0,0x801FABDC
620,3441,ROUTE,621,,0,0,0,0x801FABDC
621,3442,ROUTE,622,,0,0,0,0x801FABDC
622,3443,ROUTE,623,,0,0,0,0x801FABDC
623,3444,ROUTE,624,,0,0,0,0x801FABDC
624,3445,ROUTE,625,,0,0,0,0x801FABDC
625,3446,ROUTE,626,,0,0,0,0x801FABDC
626,3447,ROUTE,627,,0,0,0,0x801FABDC
627,3448,ROUTE,628,,0,0,0,0x801FABDC
628,3449,ROUTE,629,,0,0,0,0x801FABDC
629,3450,ROUTE,630,,0,0,0,0x801FABDC
630,3451,ROUTE,631,,0,0,0,0x801FABDC
631,3452,ROUTE,632,,0,0,0,0x801FABDC
632,3453,ROUTE,633,,0,0,0,0x801FABDC
633,3454,ROUTE,634,,0,0,0,0x801FABDC
634,3455,ROUTE,635,,0,0,0,0x801FABDC
635,3456,ROUTE,636,,0,0,0,0x801FABDC
636,3457,ROUTE,637,,0,0,0,0x801FABDC
637,3458,ROUTE,638,,0,0,0,0x801FABDC
638,3459,ROUTE,639,,0,0,0,0x801FABDC
639,3460,ROUTE,640,,0,0,0,0x801FABDC
640,3461,ROUTE,641,,0,0,0,0x801FABDC
641,3462,ROUTE,642,,0,0,0,0x801FABDC
642,3463,ROUTE,643,,0,0,0,0x801FABDC
643,3464,ROUTE,644,,0,0,0,0x801FABDC
644,3465,ROUTE,645,,0,0,0,0x801FABDC
645,3466,ROUTE,646,,0,0,0,0x801FABDC
646,3467,ROUTE,647,,0,0,0,0x801FABDC
647,3468,ROUTE,648,,0,0,0,0x801FABDC
648,3469,ROUTE,649,,0,0,0,0x801FABDC
649,3470,ROUTE,650,,0,0,0,0x801FABDC
650,3471,ROUTE,651,,0,0,0,0x801FABDC
651,3472,ROUTE,652,,0,0,0,0x801FABDC
652,3473,ROUTE,653,,0,0,0,0x801FABDC
653,3474,ROUTE,654,,0,0,0,0x801FABDC
654,3475,ROUTE,655,,0,0,0,0x801FABDC
655,3476,ROUTE,656,,0,0,0,0x801FABDC
656,3477,ROUTE,657,,0,0,0,0x801FABDC
657,3478,ROUTE,658,,0,0,0,0x801FABDC
658,3479,ROUTE,659,,0,0,0,0x801FABDC
659,3480,ROUTE,660,,0,0,0,0x801FABDC
660,3481,ROUTE,661,,0,0,0,0x801FABDC
661,3482,ROUTE,662,,0,0,0,0x801FABDC
662,3483,ROUTE,663,,0,0,0,0x801FABDC
663,3484,ROUTE,664,,0,0,0,0x801FABDC
664,3485,ROUTE,665,,0,0,0,0x801FABDC
665,3486,ROUTE,666,,0,0,0,0x801FABDC
666,3487,ROUTE,667,,0,0,0,0x801FABDC
667,3488,ROUTE,668,,0,0,0,0x801FABDC
668,3489,ROUTE,669,,0,0,0,0x801FABDC
669,3490,ROUTE,670,,0,0,0,0x801FABDC
670,3491,ROUTE,671,,0,0,0,0x801FABDC
671,3492,ROUTE,672,,0,0,0,0x801FABDC
672,3493,ROUTE,673,,0,0,0,0x801FABDC
673,3494,ROUTE,674,,0,0,0,0x801FABDC
674,3495,ROUTE,675,,0,0,0,0x801FABDC
675,3496,ROUTE,676,,0,0,0,0x801FABDC
676,3497,ROUTE,677,,0,0,0,0x801FABDC
677,3498,ROUTE,678,,0,0,0,0x801FABDC
678,3499,ROUTE,679,,0,0,0,0x801FABDC
679,3500,ROUTE,680,,0,0,0,0x801FABDC
680,3501,ROUTE,681,,0,0,0,0x801FABDC
681,3502,ROUTE,682,,0,0,0,0x801FABDC
682,3503,ROUTE,683,,0,0,0,0x801FABDC
683,3504,ROUTE,684,,0,0,0,0x801FABDC
684,3505,ROUTE,685,,0,0,0,0x801FABDC
685,3506,ROUTE,686,,0,0,0,0x801FABDC
686,3507,ROUTE,687,,0,0,0,0x801FABDC
687,3508,ROUTE,688,,0,0,0,0x801FABDC
688,3509,ROUTE,689,,0,0,0,0x801FABDC
689,3510,ROUTE,690,,0,0,0,0x801FABDC
690,3511,ROUTE,691,,0,0,0,0x801FABDC
691,3512,ROUTE,692,,0,0,0,0x801FABDC
692,3513,ROUTE,693,,0,0,0,0x801FABDC
693,3514,ROUTE,694,,0,0,0,0x801FABDC
694,3515,ROUTE,695,,0,0,0,0x801FABDC
695,3516,ROUTE,696,,0,0,0,0x801FABDC
696,3517,ROUTE,697,,0,0,0,0x801FABDC
697,3518,ROUTE,698,,0,0,0,0x801FABDC
698,3519,ROUTE,699,,0,0,0,0x801FABDC
699,3520,ROUTE,700,,0,0,0,0x801FABDC
700,3521,ROUTE,701,,0,0,0,0x801FABDC
701,3522,ROUTE,702,,0,0,0,0x801FABDC
702,3523,ROUTE,703,,0,0,0,0x801FABDC
703,3524,ROUTE,704,,0,0,0,0x801FABDC
704,3525,ROUTE,705,,0,0,0,0x801FABDC
705,3526,ROUTE,706,,0,0,0,0x801FABDC
706,3527,ROUTE,707,,0,0,0,0x801FABDC
707,3528,ROUTE,708,,0,0,0,0x801FABDC
708,3529,ROUTE,709,,0,0,0,0x801FABDC
709,3530,ROUTE,710,,0,0,0,0x801FABDC
710,3531,ROUTE,711,,0,0,0,0x801FABDC
711,3532,ROUTE,712,,0,0,0,0x801FABDC
712,3533,ROUTE,713,,0,0,0,0x801FABDC
713,3534,ROUTE,714,,0,0,0,0x801FABDC
714,3535,ROUTE,715,,0,0,0,0x801FABDC
715,3536,ROUTE,716,,0,0,0,0x801FABDC
716,3537,ROUTE,717,,0,0,0,0x801FABDC
717,3538,ROUTE,718,,0,0,0,0x801FABDC
718,3539,ROUTE,,MEMORY_CHANGE,1,0,0,0x801FABDC
718,3539,ROUTE,719,,1,0,0,0x801FABDC
719,3540,ROUTE,,ROUTE_HIT_SIGNAL,1,0,1,0x801FABDC
719,3540,ROUTE,720,,1,0,1,0x801FABDC
720,3541,ROUTE,721,,1,0,1,0x801FABDC
721,3542,ROUTE,,ROUTE_HIT_SIGNAL,1,0,1,0x00000000
721,3542,DONE,,OUTCOME_KILL,1,0,1,0x00000000
