rank,region,address_hex,data_type,kind,score,before_shot,hit,visual_death,miss,death_specific_score,hit_persistent_score,zero_on_death_score,small_state_score
1,OBJECT_1E,0x001E0164,U32_BE,DEATH_SPECIFIC,9468101557.4,0,0,3264862606,0,9468101557.4,-1632431303.0,0,0
2,OBJECT_1E,0x001E0120,U32_BE,DEATH_SPECIFIC,9195765324.0,0,0,3170953560,0,9195765324.0,-1585476780.0,0,0
3,OBJECT_1E,0x001E0124,U32_BE,DEATH_SPECIFIC,9186530285.6,0,0,3167769064,0,9186530285.6,-1583884532.0,0,0
4,OBJECT_1E,0x001E0134,U32_BE,DEATH_SPECIFIC,9169465960.6,0,0,3161884814,0,9169465960.6,-1580942407.0,0,0
5,POINTER_1F,0x001F421C,U32_BE,DEATH_SPECIFIC,6233721854.0,2149559260,2149559260,0,2149559260,6233721854.0,-1074779630.0,2149560260,0
6,OBJECT_1E,0x001E0174,U32_BE,DEATH_SPECIFIC,6229078803.2,0,0,2147958208,0,6229078803.2,-1073979104.0,0,0
7,OBJECT_1E,0x001E0160,U32_BE,DEATH_SPECIFIC,3433843397.0,0,0,1184083930,0,3433843397.0,-592041965.0,0,0
8,OBJECT_1E,0x001E0168,U32_BE,DEATH_SPECIFIC,3432236077.8,0,0,1183529682,0,3432236077.8,-591764841.0,0,0
9,OBJECT_1E,0x001E015C,U32_BE,DEATH_SPECIFIC,3089524326.4,0,0,1065353216,0,3089524326.4,-532676608.0,0,0
10,OBJECT_1E,0x001E0144,U32_BE,DEATH_SPECIFIC,3005074589.3,0,0,1036232617,0,3005074589.3,-518116308.5,0,0
11,OBJECT_1E,0x001E0130,U32_BE,DEATH_SPECIFIC,3004746871.9,0,0,1036119611,0,3004746871.9,-518059805.5,0,0
12,OBJECT_1E,0x001E0128,U32_BE,DEATH_SPECIFIC,3003484011.8,0,0,1035684142,0,3003484011.8,-517842071.0,0,0
13,OBJECT_1E,0x001E0148,U32_BE,DEATH_SPECIFIC,2964099703.4,0,0,1022103346,0,2964099703.4,-511051673.0,0,0
14,OBJECT_1E,0x001E0138,U32_BE,DEATH_SPECIFIC,2963459972.1,0,0,1021882749,0,2963459972.1,-510941374.5,0,0
15,OBJECT_1E,0x001E0140,U32_BE,DEATH_SPECIFIC,2911293197.4,0,0,1003894206,0,2911293197.4,-501947103.0,0,0
16,OBJECT_1E,0x001E0132,U16_BE,DEATH_SPECIFIC,176862.3,0,0,60987,0,176862.3,-30493.5,0,0
17,OBJECT_1E,0x001E0122,U16_BE,DEATH_SPECIFIC,173234.4,0,0,59736,0,173234.4,-29868.0,0,0
18,OBJECT_1E,0x001E0166,U16_BE,DEATH_SPECIFIC,161512.6,0,0,55694,0,161512.6,-27847.0,0,0
19,POINTER_1F,0x001F454C,U32_BE,HIT_PERSISTENT,154560.0,2148555520,2148504000,2148504000,2148555520,128800.0,154560.0,0,0
20,POINTER_1F,0x001F472C,U32_BE,HIT_PERSISTENT,154560.0,2148554176,2148502656,2148502656,2148554176,128800.0,154560.0,0,0
21,POINTER_1F,0x001F474C,U32_BE,HIT_PERSISTENT,154560.0,2148554112,2148502592,2148502592,2148554112,128800.0,154560.0,0,0
22,POINTER_1F,0x001F476C,U32_BE,HIT_PERSISTENT,154560.0,2148554048,2148502528,2148502528,2148554048,128800.0,154560.0,0,0
23,POINTER_1F,0x001F478C,U32_BE,HIT_PERSISTENT,154560.0,2148553984,2148502464,2148502464,2148553984,128800.0,154560.0,0,0
24,POINTER_1F,0x001F47AC,U32_BE,HIT_PERSISTENT,154560.0,2148553920,2148502400,2148502400,2148553920,128800.0,154560.0,0,0
25,OBJECT_1E,0x001E0164,U16_BE,DEATH_SPECIFIC,144469.3,0,0,49817,0,144469.3,-24908.5,0,0
26,OBJECT_1E,0x001E0120,U16_BE,DEATH_SPECIFIC,140313.6,0,0,48384,0,140313.6,-24192.0,0,0
27,OBJECT_1E,0x001E0124,U16_BE,DEATH_SPECIFIC,140174.4,0,0,48336,0,140174.4,-24168.0,0,0
28,OBJECT_1E,0x001E0134,U16_BE,DEATH_SPECIFIC,139913.4,0,0,48246,0,139913.4,-24123.0,0,0
29,OBJECT_1E,0x001E013A,U16_BE,DEATH_SPECIFIC,131767.3,0,0,45437,0,131767.3,-22718.5,0,0
30,OBJECT_1E,0x001E0162,U16_BE,DEATH_SPECIFIC,130552.2,0,0,45018,0,130552.2,-22509.0,0,0
31,POINTER_1F,0x001F421E,U16_BE,DEATH_SPECIFIC,127588.4,43996,43996,0,43996,127588.4,-21998.0,44996,0
32,OBJECT_1E,0x001E0146,U16_BE,DEATH_SPECIFIC,124470.9,0,0,42921,0,124470.9,-21460.5,0,0
33,OBJECT_1E,0x001E0136,U16_BE,DEATH_SPECIFIC,101378.2,0,0,34958,0,101378.2,-17479.0,0,0
34,POINTER_1F,0x001F421C,U16_BE,DEATH_SPECIFIC,95117.1,32799,32799,0,32799,95117.1,-16399.5,33799,0
35,OBJECT_1E,0x001E0174,U16_BE,DEATH_SPECIFIC,95047.5,0,0,32775,0,95047.5,-16387.5,0,0
36,OBJECT_1E,0x001E0126,U16_BE,DEATH_SPECIFIC,60807.2,0,0,20968,0,60807.2,-10484.0,0,0
37,OBJECT_1E,0x001E0160,F32_BE,DEATH_SPECIFIC,54821.384765625,0,0,18903.92578125,0,54821.384765625,-9451.962890625,0,0
38,OBJECT_1E,0x001E012A,U16_BE,DEATH_SPECIFIC,54328.6,0,0,18734,0,54328.6,-9367.0,0,0
39,OBJECT_1E,0x001E0160,U16_BE,DEATH_SPECIFIC,52394.3,0,0,18067,0,52394.3,-9033.5,0,0
40,OBJECT_1E,0x001E0168,U16_BE,DEATH_SPECIFIC,52371.1,0,0,18059,0,52371.1,-9029.5,0,0
41,OBJECT_1E,0x001E0168,F32_BE,DEATH_SPECIFIC,51682.089453125,0,0,17821.41015625,0,51682.089453125,-8910.705078125,0,0
42,OBJECT_1E,0x001E015C,U16_BE,DEATH_SPECIFIC,47142.4,0,0,16256,0,47142.4,-8128.0,0,0
43,OBJECT_1E,0x001E0144,U16_BE,DEATH_SPECIFIC,45851.9,0,0,15811,0,45851.9,-7905.5,0,0
44,OBJECT_1E,0x001E0130,U16_BE,DEATH_SPECIFIC,45846.1,0,0,15809,0,45846.1,-7904.5,0,0
45,OBJECT_1E,0x001E0176,U16_BE,DEATH_SPECIFIC,45843.2,0,0,15808,0,45843.2,-7904.0,0,0
46,OBJECT_1E,0x001E0128,U16_BE,DEATH_SPECIFIC,45828.7,0,0,15803,0,45828.7,-7901.5,0,0
47,OBJECT_1E,0x001E0148,U16_BE,DEATH_SPECIFIC,45228.4,0,0,15596,0,45228.4,-7798.0,0,0
48,OBJECT_1E,0x001E0138,U16_BE,DEATH_SPECIFIC,45216.8,0,0,15592,0,45216.8,-7796.0,0,0
49,OBJECT_1E,0x001E0140,U16_BE,DEATH_SPECIFIC,44422.2,0,0,15318,0,44422.2,-7659.0,0,0
50,OBJECT_1E,0x001E016A,U16_BE,DEATH_SPECIFIC,43668.2,0,0,15058,0,43668.2,-7529.0,0,0
51,POINTER_1F,0x001F454E,U16_BE,HIT_PERSISTENT,42048.0,23296,37312,37312,23296,35040.0,42048.0,0,0
52,POINTER_1F,0x001F472E,U16_BE,HIT_PERSISTENT,42048.0,21952,35968,35968,21952,35040.0,42048.0,0,0
53,POINTER_1F,0x001F474E,U16_BE,HIT_PERSISTENT,42048.0,21888,35904,35904,21888,35040.0,42048.0,0,0
54,POINTER_1F,0x001F476E,U16_BE,HIT_PERSISTENT,42048.0,21824,35840,35840,21824,35040.0,42048.0,0,0
55,POINTER_1F,0x001F478E,U16_BE,HIT_PERSISTENT,42048.0,21760,35776,35776,21760,35040.0,42048.0,0,0
56,POINTER_1F,0x001F47AE,U16_BE,HIT_PERSISTENT,42048.0,21696,35712,35712,21696,35040.0,42048.0,0,0
57,OBJECT_1E,0x001E0142,U16_BE,DEATH_SPECIFIC,39898.2,0,0,13758,0,39898.2,-6879.0,0,0
58,POINTER_1F,0x001F420C,U32_BE,HIT_PERSISTENT,27232.0,2148558208,2148505344,2148557888,2148558208,-30726.4,27232.0,0,0
59,POINTER_1F,0x001F422C,U32_BE,HIT_PERSISTENT,27232.0,2148556864,2148504000,2148556544,2148556864,-30726.4,27232.0,0,0
60,OBJECT_1E,0x001E014A,U16_BE,DEATH_SPECIFIC,11281.0,0,0,3890,0,11281.0,-1945.0,0,0
61,POINTER_1F,0x001F420E,U16_BE,HIT_PERSISTENT,6176.0,25984,38656,25664,25984,-6675.2,6176.0,0,0
62,POINTER_1F,0x001F422E,U16_BE,HIT_PERSISTENT,6176.0,24640,37312,24320,24640,-6675.2,6176.0,0,0
63,POINTER_1F,0x001F421F,U8,ZERO_ON_DEATH,1220,220,220,0,220,638.0,-110.0,1220,500
64,POINTER_1F,0x001F421E,U8,ZERO_ON_DEATH,1171,171,171,0,171,495.9,-85.5,1171,500
65,POINTER_1F,0x001F421C,U8,ZERO_ON_DEATH,1128,128,128,0,128,371.2,-64.0,1128,500
66,POINTER_1F,0x001F422F,U8,ZERO_ON_DEATH,1064,64,192,0,64,108.8,32.0,1064,500
67,POINTER_1F,0x001F476F,U8,ZERO_ON_DEATH,1064,64,0,0,64,160.0,192.0,1064,500
68,POINTER_1F,0x001F421D,U8,ZERO_ON_DEATH,1031,31,31,0,31,89.9,-15.5,1031,500
69,POINTER_1F,0x001F421C,F32_BE,ZERO_ON_DEATH,1000.0,-2.9085519081342e-39,-2.9085519081342e-39,0,-2.9085519081342e-39,8.4348005335891e-39,-1.4542759540671e-39,1000.0,0
70,OBJECT_1E,0x001E0108,U32_BE,DEATH_SPECIFIC,742.4,16777224,16777224,16777480,16777224,742.4,-128.0,0,0
71,OBJECT_1E,0x001E010A,U16_BE,DEATH_SPECIFIC,742.4,8,8,264,8,742.4,-128.0,0,0
72,OBJECT_1E,0x001E0132,U8,DEATH_SPECIFIC,690.2,0,0,238,0,690.2,-119.0,0,500
73,OBJECT_1E,0x001E0149,U8,DEATH_SPECIFIC,684.4,0,0,236,0,684.4,-118.0,0,500
74,OBJECT_1E,0x001E0122,U8,DEATH_SPECIFIC,675.7,0,0,233,0,675.7,-116.5,0,500
75,OBJECT_1E,0x001E0127,U8,DEATH_SPECIFIC,672.8,0,0,232,0,672.8,-116.0,0,500
76,OBJECT_1E,0x001E0139,U8,DEATH_SPECIFIC,672.8,0,0,232,0,672.8,-116.0,0,500
77,OBJECT_1E,0x001E0163,U8,DEATH_SPECIFIC,632.2,0,0,218,0,632.2,-109.0,0,500
78,OBJECT_1E,0x001E0166,U8,DEATH_SPECIFIC,629.3,0,0,217,0,629.3,-108.5,0,500
79,OBJECT_1E,0x001E0141,U8,DEATH_SPECIFIC,620.6,0,0,214,0,620.6,-107.0,0,500
80,OBJECT_1E,0x001E016B,U8,DEATH_SPECIFIC,609.0,0,0,210,0,609.0,-105.0,0,500
81,OBJECT_1E,0x001E0125,U8,DEATH_SPECIFIC,603.2,0,0,208,0,603.2,-104.0,0,500
82,POINTER_1F,0x001F454F,U8,HIT_PERSISTENT,576.0,0,192,192,0,480.0,576.0,0,500
83,POINTER_1F,0x001F478F,U8,HIT_PERSISTENT,576.0,0,192,192,0,480.0,576.0,0,500
84,OBJECT_1E,0x001E0145,U8,DEATH_SPECIFIC,565.5,0,0,195,0,565.5,-97.5,0,500
85,OBJECT_1E,0x001E0164,U8,DEATH_SPECIFIC,562.6,0,0,194,0,562.6,-97.0,0,500
86,OBJECT_1E,0x001E0131,U8,DEATH_SPECIFIC,559.7,0,0,193,0,559.7,-96.5,0,500
87,OBJECT_1E,0x001E0177,U8,DEATH_SPECIFIC,556.8,0,0,192,0,556.8,-96.0,0,500
88,OBJECT_1E,0x001E0143,U8,DEATH_SPECIFIC,551.0,0,0,190,0,551.0,-95.0,0,500
89,OBJECT_1E,0x001E0120,U8,DEATH_SPECIFIC,548.1,0,0,189,0,548.1,-94.5,0,500
90,OBJECT_1E,0x001E0124,U8,DEATH_SPECIFIC,545.2,0,0,188,0,545.2,-94.0,0,500
91,OBJECT_1E,0x001E0134,U8,DEATH_SPECIFIC,545.2,0,0,188,0,545.2,-94.0,0,500
92,OBJECT_1E,0x001E0129,U8,DEATH_SPECIFIC,542.3,0,0,187,0,542.3,-93.5,0,500
93,OBJECT_1E,0x001E013A,U8,DEATH_SPECIFIC,513.3,0,0,177,0,513.3,-88.5,0,500
94,OBJECT_1E,0x001E0162,U8,DEATH_SPECIFIC,507.5,0,0,175,0,507.5,-87.5,0,500
95,STATE_30A,0x00030A34,F32_BE,SMALL_STATE,500,0,1.4012984643248e-45,4.2038953929745e-45,0,1.1630777253896e-44,2.8025969286496e-45,0,500
96,STATE_30A,0x00030A34,U32_BE,SMALL_STATE,500,0,1,3,0,8.3,2.0,0,500
97,STATE_30A,0x00030A36,U16_BE,SMALL_STATE,500,0,1,3,0,8.3,2.0,0,500
98,STATE_30A,0x00030A37,U8,SMALL_STATE,500,0,1,3,0,8.3,2.0,0,500
99,STATE_30A,0x00030AAB,U8,SMALL_STATE,500,116,220,220,116,260.0,312.0,0,500
100,STATE_3CB,0x0003CB7C,F32_BE,SMALL_STATE,500.0,0,1.4012984643248e-45,1.4012984643248e-45,1.4012984643248e-45,7.0064923216241e-46,1.4012984643248e-45,0,500.0
101,OBJECT_1E,0x001E0108,F32_BE,SMALL_STATE,500.0,2.3509909437221e-38,2.3509909437221e-38,2.3510626902035e-38,2.3509909437221e-38,2.0806479598295e-42,-3.5873240686715e-43,0,500.0
102,OBJECT_1E,0x001E010A,U8,SMALL_STATE,500,0,0,1,0,2.9,-0.5,0,500
103,OBJECT_1E,0x001E0123,U8,SMALL_STATE,500,0,0,88,0,255.2,-44.0,0,500
104,OBJECT_1E,0x001E0126,U8,SMALL_STATE,500,0,0,81,0,234.9,-40.5,0,500
105,OBJECT_1E,0x001E0128,F32_BE,SMALL_STATE,500,0,0,0.091448172926903,0,0.26519970148802,-0.045724086463451,0,500
106,OBJECT_1E,0x001E0128,U8,SMALL_STATE,500,0,0,61,0,176.9,-30.5,0,500
107,OBJECT_1E,0x001E012A,U8,SMALL_STATE,500,0,0,73,0,211.7,-36.5,0,500
108,OBJECT_1E,0x001E012B,U8,SMALL_STATE,500,0,0,46,0,133.4,-23.0,0,500
109,OBJECT_1E,0x001E0130,F32_BE,SMALL_STATE,500,0,0,0.094692669808865,0,0.27460874244571,-0.047346334904432,0,500
110,OBJECT_1E,0x001E0130,U8,SMALL_STATE,500,0,0,61,0,176.9,-30.5,0,500
111,OBJECT_1E,0x001E0133,U8,SMALL_STATE,500,0,0,59,0,171.1,-29.5,0,500
112,OBJECT_1E,0x001E0135,U8,SMALL_STATE,500,0,0,118,0,342.2,-59.0,0,500
113,OBJECT_1E,0x001E0136,U8,SMALL_STATE,500,0,0,136,0,394.4,-68.0,0,500
114,OBJECT_1E,0x001E0137,U8,SMALL_STATE,500,0,0,142,0,411.8,-71.0,0,500
115,OBJECT_1E,0x001E0138,F32_BE,SMALL_STATE,500,0,0,0.028404945507646,0,0.082374341972172,-0.014202472753823,0,500
116,OBJECT_1E,0x001E0138,U8,SMALL_STATE,500,0,0,60,0,174.0,-30.0,0,500
117,OBJECT_1E,0x001E013B,U8,SMALL_STATE,500,0,0,125,0,362.5,-62.5,0,500
118,OBJECT_1E,0x001E0140,F32_BE,SMALL_STATE,500,0,0,0.0065371682867408,0,0.018957788031548,-0.0032685841433704,0,500
119,OBJECT_1E,0x001E0140,U8,SMALL_STATE,500,0,0,59,0,171.1,-29.5,0,500
120,OBJECT_1E,0x001E0142,U8,SMALL_STATE,500,0,0,53,0,153.7,-26.5,0,500
121,OBJECT_1E,0x001E0144,F32_BE,SMALL_STATE,500,0,0,0.095534630119801,0,0.27705042734742,-0.0477673150599,0,500
122,OBJECT_1E,0x001E0144,U8,SMALL_STATE,500,0,0,61,0,176.9,-30.5,0,500
123,OBJECT_1E,0x001E0146,U8,SMALL_STATE,500,0,0,167,0,484.3,-83.5,0,500
124,OBJECT_1E,0x001E0147,U8,SMALL_STATE,500,0,0,169,0,490.1,-84.5,0,500
125,OBJECT_1E,0x001E0148,F32_BE,SMALL_STATE,500,0,0,0.028815839439631,0,0.083565934374928,-0.014407919719815,0,500
126,OBJECT_1E,0x001E0148,U8,SMALL_STATE,500,0,0,60,0,174.0,-30.0,0,500
127,OBJECT_1E,0x001E014A,U8,SMALL_STATE,500,0,0,15,0,43.5,-7.5,0,500
128,OBJECT_1E,0x001E014B,U8,SMALL_STATE,500,0,0,50,0,145.0,-25.0,0,500
129,OBJECT_1E,0x001E015C,F32_BE,SMALL_STATE,500,0,0,1.0,0,2.9,-0.5,0,500
130,OBJECT_1E,0x001E015C,U8,SMALL_STATE,500,0,0,63,0,182.7,-31.5,0,500
131,OBJECT_1E,0x001E015D,U8,SMALL_STATE,500,0,0,128,0,371.2,-64.0,0,500
132,OBJECT_1E,0x001E0160,U8,SMALL_STATE,500,0,0,70,0,203.0,-35.0,0,500
133,OBJECT_1E,0x001E0161,U8,SMALL_STATE,500,0,0,147,0,426.3,-73.5,0,500
134,OBJECT_1E,0x001E0165,U8,SMALL_STATE,500,0,0,153,0,443.7,-76.5,0,500
135,OBJECT_1E,0x001E0167,U8,SMALL_STATE,500,0,0,142,0,411.8,-71.0,0,500
136,OBJECT_1E,0x001E0168,U8,SMALL_STATE,500,0,0,70,0,203.0,-35.0,0,500
137,OBJECT_1E,0x001E0169,U8,SMALL_STATE,500,0,0,139,0,403.1,-69.5,0,500
138,OBJECT_1E,0x001E016A,U8,SMALL_STATE,500,0,0,58,0,168.2,-29.0,0,500
139,OBJECT_1E,0x001E016C,F32_BE,SMALL_STATE,500,0,0,1.7936620343358e-43,0,5.2016198995737e-43,-8.9683101716788e-44,0,500
140,OBJECT_1E,0x001E016C,U32_BE,SMALL_STATE,500,0,0,128,0,371.2,-64.0,0,500
141,OBJECT_1E,0x001E016E,U16_BE,SMALL_STATE,500,0,0,128,0,371.2,-64.0,0,500
142,OBJECT_1E,0x001E016F,U8,SMALL_STATE,500,0,0,128,0,371.2,-64.0,0,500
143,OBJECT_1E,0x001E0174,U8,SMALL_STATE,500,0,0,128,0,371.2,-64.0,0,500
144,OBJECT_1E,0x001E0175,U8,SMALL_STATE,500,0,0,7,0,20.3,-3.5,0,500
145,OBJECT_1E,0x001E0176,U8,SMALL_STATE,500,0,0,61,0,176.9,-30.5,0,500
146,POINTER_1F,0x001F420E,U8,SMALL_STATE,500,101,151,100,101,-27.1,24.5,0,500
147,POINTER_1F,0x001F420F,U8,SMALL_STATE,500,128,0,64,128,121.6,224.0,0,500
148,POINTER_1F,0x001F422E,U8,SMALL_STATE,500,96,145,95,96,-26.5,24.0,0,500
149,POINTER_1F,0x001F454D,U8,SMALL_STATE,500,16,15,15,16,2.5,3.0,0,500
150,POINTER_1F,0x001F454E,U8,SMALL_STATE,500,91,145,145,91,135.0,162.0,0,500
151,POINTER_1F,0x001F472D,U8,SMALL_STATE,500,16,15,15,16,2.5,3.0,0,500
152,POINTER_1F,0x001F472E,U8,SMALL_STATE,500,85,140,140,85,137.5,165.0,0,500
153,POINTER_1F,0x001F472F,U8,SMALL_STATE,500,192,128,128,192,160.0,192.0,0,500
154,POINTER_1F,0x001F474D,U8,SMALL_STATE,500,16,15,15,16,2.5,3.0,0,500
155,POINTER_1F,0x001F474E,U8,SMALL_STATE,500,85,140,140,85,137.5,165.0,0,500
156,POINTER_1F,0x001F474F,U8,SMALL_STATE,500,128,64,64,128,160.0,192.0,0,500
157,POINTER_1F,0x001F476D,U8,SMALL_STATE,500,16,15,15,16,2.5,3.0,0,500
158,POINTER_1F,0x001F476E,U8,SMALL_STATE,500,85,140,140,85,137.5,165.0,0,500
159,POINTER_1F,0x001F478D,U8,SMALL_STATE,500,16,15,15,16,2.5,3.0,0,500
160,POINTER_1F,0x001F478E,U8,SMALL_STATE,500,85,139,139,85,135.0,162.0,0,500
161,POINTER_1F,0x001F47AD,U8,SMALL_STATE,500,16,15,15,16,2.5,3.0,0,500
162,POINTER_1F,0x001F47AE,U8,SMALL_STATE,500,84,139,139,84,137.5,165.0,0,500
163,POINTER_1F,0x001F47AF,U8,SMALL_STATE,500,192,128,128,192,160.0,192.0,0,500
164,STATE_3CB,0x0003CB7C,U32_BE,SMALL_STATE,490,0,1,1,1,0.5,1.0,0,490
165,STATE_3CB,0x0003CB7E,U16_BE,SMALL_STATE,490,0,1,1,1,0.5,1.0,0,490
166,STATE_3CB,0x0003CB7F,U8,SMALL_STATE,490,0,1,1,1,0.5,1.0,0,490
167,STATE_30A,0x00030AA8,U32_BE,HIT_PERSISTENT,312.0,2147930740,2147930844,2147930844,2147930740,260.0,312.0,0,0
168,STATE_30A,0x00030AAA,U16_BE,HIT_PERSISTENT,312.0,53876,53980,53980,53876,260.0,312.0,0,0
169,OBJECT_1E,0x001E0164,F32_BE,DEATH_SPECIFIC,223.08224334717,0,0,-76.924911499023,0,223.08224334717,-38.462455749512,0,0
170,STATE_30A,0x00030AA7,U8,DEATH_SPECIFIC,170.4,56,56,192,168,170.4,-292.0,0,-620
171,POINTER_1F,0x001F454C,U16_BE,HIT_PERSISTENT,3.0,32784,32783,32783,32784,2.5,3.0,0,0
172,POINTER_1F,0x001F472C,U16_BE,HIT_PERSISTENT,3.0,32784,32783,32783,32784,2.5,3.0,0,0
173,POINTER_1F,0x001F474C,U16_BE,HIT_PERSISTENT,3.0,32784,32783,32783,32784,2.5,3.0,0,0
174,POINTER_1F,0x001F476C,U16_BE,HIT_PERSISTENT,3.0,32784,32783,32783,32784,2.5,3.0,0,0
175,POINTER_1F,0x001F478C,U16_BE,HIT_PERSISTENT,3.0,32784,32783,32783,32784,2.5,3.0,0,0
176,POINTER_1F,0x001F47AC,U16_BE,HIT_PERSISTENT,3.0,32784,32783,32783,32784,2.5,3.0,0,0
177,POINTER_1F,0x001F420C,U16_BE,HIT_PERSISTENT,0.5,32784,32783,32784,32784,-0.6,0.5,0,0
178,POINTER_1F,0x001F420D,U8,HIT_PERSISTENT,0.5,16,15,16,16,-0.6,0.5,0,0
179,POINTER_1F,0x001F422C,U16_BE,HIT_PERSISTENT,0.5,32784,32783,32784,32784,-0.6,0.5,0,0
180,POINTER_1F,0x001F422D,U8,HIT_PERSISTENT,0.5,16,15,16,16,-0.6,0.5,0,0
181,OBJECT_1E,0x001E0120,F32_BE,DEATH_SPECIFIC,0.09127034842968,0,0,-0.031472533941269,0,0.09127034842968,-0.015736266970634,0,0
182,OBJECT_1E,0x001E0124,F32_BE,DEATH_SPECIFIC,0.073746074736118,0,0,-0.025429680943489,0,0.073746074736118,-0.012714840471745,0,0
183,OBJECT_1E,0x001E0134,F32_BE,DEATH_SPECIFIC,0.043636896274984,0,0,-0.015047205612063,0,0.043636896274984,-0.0075236028060317,0,0
184,OBJECT_1E,0x001E0174,F32_BE,DEATH_SPECIFIC,1.928500577767e-39,0,0,-6.6500019922999e-40,0,1.928500577767e-39,-3.3250009961499e-40,0,0
185,POINTER_1F,0x001F454C,F32_BE,HIT_PERSISTENT,2.1658469064604e-40,-1.5020125875528e-39,-1.4298176906708e-39,-1.4298176906708e-39,-1.5020125875528e-39,1.8048724220504e-40,2.1658469064604e-40,0,0
186,POINTER_1F,0x001F472C,F32_BE,HIT_PERSISTENT,2.1658469064604e-40,-1.5001292424167e-39,-1.4279343455347e-39,-1.4279343455347e-39,-1.5001292424167e-39,1.8048724220504e-40,2.1658469064604e-40,0,0
187,POINTER_1F,0x001F474C,F32_BE,HIT_PERSISTENT,2.1658469064604e-40,-1.500039559315e-39,-1.427844662433e-39,-1.427844662433e-39,-1.500039559315e-39,1.8048724220504e-40,2.1658469064604e-40,0,0
188,POINTER_1F,0x001F476C,F32_BE,HIT_PERSISTENT,2.1658469064604e-40,-1.4999498762133e-39,-1.4277549793313e-39,-1.4277549793313e-39,-1.4999498762133e-39,1.8048724220504e-40,2.1658469064604e-40,0,0
189,POINTER_1F,0x001F478C,F32_BE,HIT_PERSISTENT,2.1658469064604e-40,-1.4998601931116e-39,-1.4276652962296e-39,-1.4276652962296e-39,-1.4998601931116e-39,1.8048724220504e-40,2.1658469064604e-40,0,0
190,POINTER_1F,0x001F47AC,F32_BE,HIT_PERSISTENT,2.1658469064604e-40,-1.4997705100099e-39,-1.4275756131278e-39,-1.4275756131278e-39,-1.4997705100099e-39,1.8048724220504e-40,2.1658469064604e-40,0,0
191,POINTER_1F,0x001F420C,F32_BE,HIT_PERSISTENT,3.8160159780493e-41,-1.5057792778249e-39,-1.4317010358068e-39,-1.5053308623163e-39,-1.5057792778249e-39,-4.305685713423e-41,3.8160159780493e-41,0,0
192,POINTER_1F,0x001F422C,F32_BE,HIT_PERSISTENT,3.8160159780493e-41,-1.5038959326888e-39,-1.4298176906708e-39,-1.5034475171802e-39,-1.5038959326888e-39,-4.305685713423e-41,3.8160159780493e-41,0,0
193,STATE_30A,0x00030AA8,F32_BE,HIT_PERSISTENT,4.3720512086934e-43,-6.2650933301191e-40,-6.266550680522e-40,-6.266550680522e-40,-6.2650933301191e-40,3.6433760072445e-43,4.3720512086934e-43,0,0
194,STATE_30A,0x00030AA4,F32_BE,ZERO_ON_DEATH,0,-6.0705370513323e-40,-6.0705370513323e-40,-6.1011414097931e-40,-6.2658220053206e-40,-3.0181726844014e-41,-4.0587208720704e-41,0,0
195,STATE_30A,0x00030AA4,U32_BE,ZERO_ON_DEATH,0,2147916856,2147916856,2147919040,2147930792,-21538.4,-28964.0,0,0
196,STATE_30A,0x00030AA6,U16_BE,ZERO_ON_DEATH,0,39992,39992,42176,53928,-21538.4,-28964.0,0,0
197,STATE_30A,0x00030AA6,U8,ZERO_ON_DEATH,0,156,156,164,210,-84.8,-112.0,0,-40
