shot_id,frame,event,outcome,relative_frame,screen_x,screen_y,screen_x_copy,screen_y_copy,raw_horizontal,raw_vertical,raw_vertical_copy,normalized_horizontal,normalized_vertical
,2673,SAMPLE,,,160.0,120.0,160.0,120.0,0.0,0.0,0.0,0.0,-0.069813169538975
,2674,SAMPLE,,,160.0,120.0,160.0,120.0,0.0,0.0,0.0,0.0,-0.069813169538975
,2675,SAMPLE,,,160.0,120.0,160.0,120.0,0.0,0.0,0.0,0.0,-0.069813169538975
,2676,SAMPLE,,,160.0,120.0,160.0,120.0,0.0,0.0,0.0,0.0,-0.069813169538975
,2677,SAMPLE,,,160.0,120.0,160.0,120.0,0.0,0.0,0.0,0.0,-0.069813169538975
,2678,SAMPLE,,,160.0,120.0,160.0,120.0,0.0,0.0,0.0,0.0,-0.069813169538975
,2679,SAMPLE,,,160.0,120.0,160.0,120.0,0.0,0.0,0.0,0.0,-0.069813169538975
,2680,SAMPLE,,,160.0,120.0,160.0,120.0,0.0,0.0,0.0,0.0,-0.069813169538975
,2681,SAMPLE,,,160.0,120.0,160.0,120.0,0.0,0.0,0.0,0.0,-0.069813169538975
,2682,SAMPLE,,,160.0,120.0,160.0,120.0,0.0,0.0,0.0,0.0,-0.069813169538975
,2683,SAMPLE,,,160.0,120.0,160.0,120.0,0.0,0.0,0.0,0.0,-0.069813169538975
,2684,SAMPLE,,,160.0,120.0,160.0,120.0,0.0,0.0,0.0,0.0,-0.069813169538975
,2685,SAMPLE,,,160.0,120.0,160.0,120.0,0.0,0.0,0.0,0.0,-0.069813169538975
,2686,SAMPLE,,,160.0,120.0,160.0,120.0,0.0,0.0,0.0,0.0,-0.069813169538975
,2687,SAMPLE,,,160.0,120.0,160.0,120.0,0.0,0.0,0.0,0.0,-0.069813169538975
,2688,SAMPLE,,,160.0,120.0,160.0,120.0,0.0,0.0,0.0,0.0,-0.069813169538975
,2689,SAMPLE,,,160.0,120.0,160.0,120.0,0.0,0.0,0.0,0.0,-0.069813169538975
,2690,SAMPLE,,,160.0,120.0,160.0,120.0,0.0,0.0,0.0,0.0,-0.069813169538975
,2691,SAMPLE,,,160.0,120.0,160.0,120.0,0.0,0.0,0.0,0.0,-0.069813169538975
,2692,SAMPLE,,,160.0,120.0,160.0,120.0,0.0,0.0,0.0,0.0,-0.069813169538975
,2693,SAMPLE,,,160.0,120.0,160.0,120.0,0.0,0.0,0.0,0.0,-0.069813169538975
,2694,SAMPLE,,,160.0,120.0,160.0,120.0,0.0,0.0,0.0,0.0,-0.069813169538975
,2695,SAMPLE,,,160.0,120.0,160.0,120.0,0.0,0.0,0.0,0.0,-0.069813169538975
,2696,SAMPLE,,,160.0,120.0,160.0,120.0,0.0,0.0,0.0,0.0,-0.069813169538975
,2697,SAMPLE,,,160.0,120.0,160.0,120.0,0.0,0.0,0.0,0.0,-0.069813169538975
,2698,SAMPLE,,,160.0,120.0,160.0,120.0,0.0,0.0,0.0,0.0,-0.069813169538975
,2699,SAMPLE,,,160.0,120.0,160.0,120.0,0.0,0.0,0.0,0.0,-0.069813169538975
,2700,SAMPLE,,,160.0,120.0,160.0,120.0,0.0,0.0,0.0,0.0,-0.069813169538975
,2701,SAMPLE,,,160.0,120.0,160.0,120.0,0.0,0.0,0.0,0.0,-0.069813169538975
,2702,SAMPLE,,,160.0,120.0,160.0,120.0,0.0,0.0,0.0,0.0,-0.069813169538975
,2703,SAMPLE,,,160.0,120.0,160.0,120.0,0.0,0.0,0.0,0.0,-0.069813169538975
,2704,SAMPLE,,,160.0,120.0,160.0,120.0,0.0,0.0,0.0,0.0,-0.069813169538975
,2705,SAMPLE,,,160.0,120.0,160.0,120.0,0.0,0.0,0.0,0.0,-0.069813169538975
,2706,SAMPLE,,,160.0,120.0,160.0,120.0,0.0,0.0,0.0,0.0,-0.069813169538975
,2707,SAMPLE,,,160.0,120.0,160.0,120.0,0.0,0.0,0.0,0.0,-0.069813169538975
,2708,SAMPLE,,,160.0,120.0,160.0,120.0,0.0,0.0,0.0,0.0,-0.069813169538975
,2709,SAMPLE,,,160.0,120.0,160.0,120.0,0.0,0.0,0.0,0.0,-0.069813169538975
,2710,SAMPLE,,,160.0,120.0,160.0,120.0,0.0,0.0,0.0,0.0,-0.069813169538975
,2711,SAMPLE,,,160.0,120.0,160.0,120.0,0.0,0.0,0.0,0.0,-0.069813169538975
,2712,SAMPLE,,,160.0,120.0,160.0,120.0,0.0,0.0,0.0,0.0,-0.069813169538975
,2713,SAMPLE,,,160.0,120.0,160.0,120.0,0.0,0.0,0.0,0.0,-0.069813169538975
,2714,SAMPLE,,,160.0,120.0,160.0,120.0,0.0,0.0,0.0,0.0,-0.069813169538975
,2715,SAMPLE,,,160.0,120.0,160.0,120.0,0.0,0.0,0.0,0.0,-0.069813169538975
,2716,SAMPLE,,,160.0,120.0,160.0,120.0,0.0,0.0,0.0,0.0,-0.069813169538975
,2717,SAMPLE,,,160.0,120.0,160.0,120.0,0.0,0.0,0.0,0.0,-0.069813169538975
,2718,SAMPLE,,,160.0,120.0,160.0,120.0,0.0,0.0,0.0,0.0,-0.069813169538975
,2719,SAMPLE,,,160.0,120.0,160.0,120.0,0.0,0.0,0.0,0.0,-0.069813169538975
,2720,SAMPLE,,,160.0,120.0,160.0,120.0,0.0,0.0,0.0,0.0,-0.069813169538975
,2721,SAMPLE,,,160.0,120.0,160.0,120.0,0.0,0.0,0.0,0.0,-0.069813169538975
,2722,SAMPLE,,,160.0,120.0,160.0,120.0,0.0,0.0,0.0,0.0,-0.069813169538975
,2723,SAMPLE,,,160.0,120.0,160.0,120.0,0.0,0.0,0.0,0.0,-0.069813169538975
,2724,SAMPLE,,,160.0,120.0,160.0,120.0,0.0,0.0,0.0,0.0,-0.069813169538975
,2725,SAMPLE,,,160.0,120.0,160.0,120.0,0.0,0.0,0.0,0.0,-0.069813169538975
,2726,SAMPLE,,,160.0,120.0,160.0,120.0,0.0,0.0,0.0,0.0,-0.069813169538975
,2727,SAMPLE,,,160.0,120.0,160.0,120.0,0.0,0.0,0.0,0.0,-0.069813169538975
,2728,SAMPLE,,,160.0,120.0,160.0,120.0,0.0,0.0,0.0,0.0,-0.069813169538975
,2729,SAMPLE,,,160.0,120.0,160.0,120.0,0.0,0.0,0.0,0.0,-0.069813169538975
,2730,SAMPLE,,,160.0,120.0,160.0,120.0,0.0,0.0,0.0,0.0,-0.069813169538975
,2731,SAMPLE,,,160.0,120.0,160.0,120.0,0.0,0.0,0.0,0.0,-0.069813169538975
,2732,SAMPLE,,,160.0,120.0,160.0,120.0,0.0,0.0,0.0,0.0,-0.069813169538975
,2733,SAMPLE,,,160.0,120.0,160.0,120.0,0.0,0.0,0.0,0.0,-0.069813169538975
,2734,SAMPLE,,,160.0,120.0,160.0,120.0,0.0,0.0,0.0,0.0,-0.069813169538975
,2735,SAMPLE,,,160.0,120.0,160.0,120.0,0.0,0.0,0.0,0.0,-0.069813169538975
,2736,SAMPLE,,,160.0,120.0,160.0,120.0,0.0,0.0,0.0,0.0,-0.069813169538975
,2737,SAMPLE,,,160.0,120.0,160.0,120.0,0.0,0.0,0.0,0.0,-0.069813169538975
,2738,SAMPLE,,,160.0,120.0,160.0,120.0,0.0,0.0,0.0,0.0,-0.069813169538975
,2739,SAMPLE,,,160.0,120.0,160.0,120.0,0.0,0.0,0.0,0.0,-0.069813169538975
,2740,SAMPLE,,,160.0,120.0,160.0,120.0,0.0,0.0,0.0,0.0,-0.069813169538975
,2741,SAMPLE,,,160.0,120.0,160.0,120.0,0.0,0.0,0.0,0.0,-0.069813169538975
,2742,SAMPLE,,,160.0,120.0,160.0,120.0,0.0,0.0,0.0,0.0,-0.069813169538975
,2743,SAMPLE,,,160.0,120.0,160.0,120.0,0.0,0.0,0.0,0.0,-0.069813169538975
,2744,SAMPLE,,,160.0,120.0,160.0,120.0,0.0,0.0,0.0,0.0,-0.069813169538975
,2745,SAMPLE,,,160.0,120.0,160.0,120.0,0.0,0.0,0.0,0.0,-0.069813169538975
,2746,SAMPLE,,,160.0,120.0,160.0,120.0,0.0,0.0,0.0,0.0,-0.069813169538975
,2747,SAMPLE,,,160.0,120.0,160.0,120.0,0.0,0.0,0.0,0.0,-0.069813169538975
,2748,SAMPLE,,,160.0,120.0,160.0,120.0,0.0,0.0,0.0,0.0,-0.069813169538975
,2749,SAMPLE,,,160.0,120.0,160.0,120.0,0.0,0.0,0.0,0.0,-0.069813169538975
,2750,SAMPLE,,,160.0,120.0,160.0,120.0,0.0,0.0,0.0,0.0,-0.069813169538975
,2751,SAMPLE,,,160.0,120.0,160.0,120.0,0.0,0.0,0.0,0.0,-0.069813169538975
,2752,SAMPLE,,,160.0,120.0,160.0,120.0,0.0,0.0,0.0,0.0,-0.069813169538975
,2753,SAMPLE,,,160.0,120.0,160.0,120.0,0.0,0.0,0.0,0.0,-0.069813169538975
,2754,SAMPLE,,,160.0,120.0,160.0,120.0,0.0,0.0,0.0,0.0,-0.069813169538975
,2755,SAMPLE,,,160.0,120.0,160.0,120.0,0.0,0.0,0.0,0.0,-0.069813169538975
,2756,SAMPLE,,,160.0,120.0,160.0,120.0,0.0,0.0,0.0,0.0,-0.069813169538975
,2757,SAMPLE,,,160.0,120.0,160.0,120.0,0.0,0.0,0.0,0.0,-0.069813169538975
,2758,SAMPLE,,,160.0,120.0,160.0,120.0,0.0,0.0,0.0,0.0,-0.069813169538975
,2759,SAMPLE,,,160.0,120.0,160.0,120.0,0.0,0.0,0.0,0.0,-0.069813169538975
,2760,SAMPLE,,,160.0,120.0,160.0,120.0,0.0,0.0,0.0,0.0,-0.069813169538975
,2761,SAMPLE,,,160.0,120.0,160.0,120.0,0.0,0.0,0.0,0.0,-0.069813169538975
,2762,SAMPLE,,,160.0,120.0,160.0,120.0,0.0,0.0,0.0,0.0,-0.069813169538975
,2763,SAMPLE,,,160.0,120.0,160.0,120.0,0.0,0.0,0.0,0.0,-0.069813169538975
,2764,SAMPLE,,,160.0,120.0,160.0,120.0,0.0,0.0,0.0,0.0,-0.069813169538975
,2765,SAMPLE,,,160.0,120.0,160.0,120.0,0.0,0.0,0.0,0.0,-0.069813169538975
,2766,SAMPLE,,,160.0,120.0,160.0,120.0,0.0,0.0,0.0,0.0,-0.069813169538975
,2767,SAMPLE,,,160.0,120.0,160.0,120.0,0.0,0.0,0.0,0.0,-0.069813169538975
,2768,SAMPLE,,,160.0,120.0,160.0,120.0,0.0,0.0,0.0,0.0,-0.069813169538975
,2769,SAMPLE,,,160.0,120.0,160.0,120.0,0.0,0.0,0.0,0.0,-0.069813169538975
,2770,SAMPLE,,,160.0,120.0,160.0,120.0,0.0,0.0,0.0,0.0,-0.069813169538975
,2771,SAMPLE,,,160.0,120.0,160.0,120.0,0.0,0.0,0.0,0.0,-0.069813169538975
,2772,SAMPLE,,,160.0,120.0,160.0,120.0,0.0,0.0,0.0,0.0,-0.069813169538975
,2773,SAMPLE,,,160.0,120.0,160.0,120.0,0.0,0.0,0.0,0.0,-0.069813169538975
,2774,SAMPLE,,,160.0,120.0,160.0,120.0,0.0,0.0,0.0,0.0,-0.069813169538975
,2775,SAMPLE,,,160.0,120.0,160.0,120.0,0.0,0.0,0.0,0.0,-0.069813169538975
,2776,SAMPLE,,,160.0,120.0,160.0,120.0,0.0,0.0,0.0,0.0,-0.069813169538975
,2777,SAMPLE,,,160.0,120.0,160.0,120.0,0.0,0.0,0.0,0.0,-0.069813169538975
,2778,SAMPLE,,,160.0,120.0,160.0,120.0,0.0,0.0,0.0,0.0,-0.069813169538975
,2779,SAMPLE,,,160.0,120.0,160.0,120.0,0.0,0.0,0.0,0.0,-0.069813169538975
,2780,SAMPLE,,,160.0,120.0,160.0,120.0,0.0,0.0,0.0,0.0,-0.069813169538975
,2781,SAMPLE,,,160.0,120.0,160.0,120.0,0.0,0.0,0.0,0.0,-0.069813169538975
,2782,SAMPLE,,,160.0,120.0,160.0,120.0,0.0,0.0,0.0,0.0,-0.069813169538975
,2783,SAMPLE,,,160.0,120.0,160.0,120.0,0.0,0.0,0.0,0.0,-0.069813169538975
,2784,SAMPLE,,,160.0,120.0,160.0,120.0,0.0,0.0,0.0,0.0,-0.069813169538975
,2785,SAMPLE,,,160.0,120.0,160.0,120.0,0.0,0.0,0.0,0.0,-0.069813169538975
,2786,SAMPLE,,,160.0,120.0,160.0,120.0,0.0,0.0,0.0,0.0,-0.069813169538975
,2787,SAMPLE,,,160.0,120.0,160.0,120.0,0.0,0.0,0.0,0.0,-0.069813169538975
,2788,SAMPLE,,,160.0,120.0,160.0,120.0,0.0,0.0,0.0,0.0,-0.069813169538975
,2789,SAMPLE,,,160.0,120.0,160.0,120.0,0.0,0.0,0.0,0.0,-0.069813169538975
,2790,SAMPLE,,,160.0,120.0,160.0,120.0,0.0,0.0,0.0,0.0,-0.069813169538975
,2791,SAMPLE,,,160.0,120.0,160.0,120.0,0.0,0.0,0.0,0.0,-0.069813169538975
,2792,SAMPLE,,,160.0,120.0,160.0,120.0,0.0,0.0,0.0,0.0,-0.069813169538975
,2793,SAMPLE,,,160.0,120.0,160.0,120.0,0.0,0.0,0.0,0.0,-0.069813169538975
,2794,SAMPLE,,,160.0,120.0,160.0,120.0,0.0,0.0,0.0,0.0,-0.069813169538975
,2795,SAMPLE,,,160.0,120.0,160.0,120.0,0.0,0.0,0.0,0.0,-0.069813169538975
,2796,SAMPLE,,,160.0,120.0,160.0,120.0,0.0,0.0,0.0,0.0,-0.069813169538975
,2797,SAMPLE,,,160.0,120.0,160.0,120.0,0.0,0.0,0.0,0.0,-0.069813169538975
,2798,SAMPLE,,,160.0,120.0,160.0,120.0,0.0,0.0,0.0,0.0,-0.069813169538975
,2799,SAMPLE,,,160.0,120.0,160.0,120.0,0.0,0.0,0.0,0.0,-0.069813169538975
,2800,SAMPLE,,,160.0,120.0,160.0,120.0,0.0,0.0,0.0,0.0,-0.069813169538975
,2801,SAMPLE,,,160.0,120.0,160.0,120.0,0.0,0.0,0.0,0.0,-0.069813169538975
,2802,SAMPLE,,,160.0,120.0,160.0,120.0,0.0,0.0,0.0,0.0,-0.069813169538975
,2803,SAMPLE,,,160.0,120.0,160.0,120.0,0.0,0.0,0.0,0.0,-0.069813169538975
,2804,SAMPLE,,,160.0,120.0,160.0,120.0,0.0,0.0,0.0,0.0,-0.069813169538975
,2805,SAMPLE,,,160.0,120.0,160.0,120.0,0.0,0.0,0.0,0.0,-0.069813169538975
,2806,SAMPLE,,,160.0,120.0,160.0,120.0,0.0,0.0,0.0,0.0,-0.069813169538975
,2807,SAMPLE,,,160.0,120.0,160.0,120.0,0.0,0.0,0.0,0.0,-0.069813169538975
,2808,SAMPLE,,,160.0,120.0,160.0,120.0,0.0,0.0,0.0,0.0,-0.069813169538975
,2809,SAMPLE,,,160.0,120.0,160.0,120.0,0.0,0.0,0.0,0.0,-0.069813169538975
,2810,SAMPLE,,,160.0,120.0,160.0,120.0,0.0,0.0,0.0,0.0,-0.069813169538975
,2811,SAMPLE,,,160.0,120.0,160.0,120.0,0.0,0.0,0.0,0.0,-0.069813169538975
,2812,SAMPLE,,,160.0,120.0,160.0,120.0,0.0,0.0,0.0,0.0,-0.069813169538975
,2813,SAMPLE,,,160.0,120.0,160.0,120.0,0.0,0.0,0.0,0.0,-0.069813169538975
,2814,SAMPLE,,,160.0,120.0,160.0,120.0,0.0,0.0,0.0,0.0,-0.069813169538975
,2815,SAMPLE,,,160.0,120.0,160.0,120.0,0.0,0.0,0.0,0.0,-0.069813169538975
,2816,SAMPLE,,,160.0,120.0,160.0,120.0,0.0,0.0,0.0,0.0,-0.069813169538975
,2817,SAMPLE,,,160.0,120.0,160.0,120.0,0.0,0.0,0.0,0.0,-0.069813169538975
,2818,SAMPLE,,,160.0,120.0,160.0,120.0,0.0,0.0,0.0,0.0,-0.069813169538975
,2819,SAMPLE,,,160.0,120.0,160.0,120.0,0.0,0.0,0.0,0.0,-0.069813169538975
,2820,SAMPLE,,,160.0,120.0,160.0,120.0,0.0,0.0,0.0,0.0,-0.069813169538975
,2821,SAMPLE,,,160.0,120.0,160.0,120.0,0.0,0.0,0.0,0.0,-0.069813169538975
,2822,SAMPLE,,,160.0,120.0,160.0,120.0,0.0,0.0,0.0,0.0,-0.069813169538975
,2823,SAMPLE,,,160.0,120.0,160.0,120.0,0.0,0.0,0.0,0.0,-0.069813169538975
,2824,SAMPLE,,,160.0,120.0,160.0,120.0,0.0,0.0,0.0,0.0,-0.069813169538975
,2825,SAMPLE,,,160.0,120.0,160.0,120.0,0.0,0.0,0.0,0.0,-0.069813169538975
,2826,SAMPLE,,,160.0,120.0,160.0,120.0,0.0,0.0,0.0,0.0,-0.069813169538975
,2827,SAMPLE,,,160.0,120.0,160.0,120.0,0.0,0.0,0.0,0.0,-0.069813169538975
,2828,SAMPLE,,,160.0,120.0,160.0,120.0,0.0,0.0,0.0,0.0,-0.069813169538975
,2829,SAMPLE,,,160.0,120.0,160.0,120.0,0.0,0.0,0.0,0.0,-0.069813169538975
,2830,SAMPLE,,,160.0,120.0,160.0,120.0,0.0,0.0,0.0,0.0,-0.069813169538975
,2831,SAMPLE,,,160.0,120.0,160.0,120.0,0.0,0.0,0.0,0.0,-0.069813169538975
,2832,SAMPLE,,,160.0,120.0,160.0,120.0,0.0,0.0,0.0,0.0,-0.069813169538975
,2833,SAMPLE,,,160.0,120.0,160.0,120.0,0.0,0.0,0.0,0.0,-0.069813169538975
,2834,SAMPLE,,,160.0,120.0,160.0,120.0,0.0,0.0,0.0,0.0,-0.069813169538975
,2835,SAMPLE,,,160.0,120.0,160.0,120.0,0.0,0.0,0.0,0.0,-0.069813169538975
,2836,SAMPLE,,,160.0,120.0,160.0,120.0,0.0,0.0,0.0,0.0,-0.069813169538975
,2837,SAMPLE,,,160.0,120.0,160.0,120.0,0.0,0.0,0.0,0.0,-0.069813169538975
,2838,SAMPLE,,,160.0,120.0,160.0,120.0,0.0,0.0,0.0,0.0,-0.069813169538975
,2839,SAMPLE,,,160.0,120.0,160.0,120.0,0.0,0.0,0.0,0.0,-0.069813169538975
,2840,SAMPLE,,,160.0,120.0,160.0,120.0,0.0,0.0,0.0,0.0,-0.069813169538975
,2841,SAMPLE,,,160.0,120.0,160.0,120.0,0.0,0.0,0.0,0.0,-0.069813169538975
,2842,SAMPLE,,,160.0,120.0,160.0,120.0,0.0,0.0,0.0,0.0,-0.069813169538975
,2843,SAMPLE,,,160.0,120.0,160.0,120.0,0.0,0.0,0.0,0.0,-0.069813169538975
,2844,SAMPLE,,,160.0,120.0,160.0,120.0,0.0,0.0,0.0,0.0,-0.069813169538975
,2845,SAMPLE,,,160.0,120.0,160.0,120.0,0.0,0.0,0.0,0.0,-0.069813169538975
,2846,SAMPLE,,,160.0,120.0,160.0,120.0,0.0,0.0,0.0,0.0,-0.069813169538975
,2847,SAMPLE,,,160.0,120.0,160.0,120.0,0.0,0.0,0.0,0.0,-0.069813169538975
,2848,SAMPLE,,,160.0,120.0,160.0,120.0,0.0,0.0,0.0,0.0,-0.069813169538975
,2849,SAMPLE,,,160.0,120.0,160.0,120.0,0.0,0.0,0.0,0.0,-0.069813169538975
,2850,SAMPLE,,,160.0,120.0,160.0,120.0,0.0,0.0,0.0,0.0,-0.069813169538975
,2851,SAMPLE,,,160.0,120.0,160.0,120.0,0.0,0.0,0.0,0.0,-0.069813169538975
,2852,SAMPLE,,,160.0,120.0,160.0,120.0,0.0,0.0,0.0,0.0,-0.069813169538975
,2853,SAMPLE,,,160.0,120.0,160.0,120.0,0.0,0.0,0.0,0.0,-0.069813169538975
,2854,SAMPLE,,,160.0,120.0,160.0,120.0,0.0,0.0,0.0,0.0,-0.069813169538975
,2855,SAMPLE,,,160.0,120.0,160.0,120.0,0.0,0.0,0.0,0.0,-0.069813169538975
,2856,SAMPLE,,,160.0,120.0,160.0,120.0,0.0,0.0,0.0,0.0,-0.069813169538975
,2857,SAMPLE,,,160.0,120.0,160.0,120.0,0.0,0.0,0.0,0.0,-0.069813169538975
,2858,SAMPLE,,,160.0,120.0,160.0,120.0,0.0,0.0,0.0,0.0,-0.069813169538975
,2859,SAMPLE,,,160.0,120.0,160.0,120.0,0.0,0.0,0.0,0.0,-0.069813169538975
,2860,SAMPLE,,,160.0,120.0,160.0,120.0,0.0,0.0,0.0,0.0,-0.069813169538975
,2861,SAMPLE,,,160.0,120.0,160.0,120.0,0.0,0.0,0.0,0.0,-0.069813169538975
,2862,SAMPLE,,,160.0,120.0,160.0,120.0,0.0,0.0,0.0,0.0,-0.069813169538975
,2863,SAMPLE,,,160.0,120.0,160.0,120.0,0.0,0.0,0.0,0.0,-0.069813169538975
,2864,SAMPLE,,,160.0,120.0,160.0,120.0,0.0,0.0,0.0,0.0,-0.069813169538975
,2865,SAMPLE,,,160.0,120.0,160.0,120.0,0.0,0.0,0.0,0.0,-0.069813169538975
,2866,SAMPLE,,,160.0,120.0,160.0,120.0,0.0,0.0,0.0,0.0,-0.069813169538975
,2867,SAMPLE,,,160.0,120.0,160.0,120.0,0.0,0.0,0.0,0.0,-0.069813169538975
,2868,SAMPLE,,,160.0,120.0,160.0,120.0,0.0,0.0,0.0,0.0,-0.069813169538975
,2869,SAMPLE,,,160.0,120.0,160.0,120.0,0.0,0.0,0.0,0.0,-0.069813169538975
,2870,SAMPLE,,,160.0,120.0,160.0,120.0,0.0,0.0,0.0,0.0,-0.069813169538975
,2871,SAMPLE,,,160.0,120.0,160.0,120.0,0.0,0.0,0.0,0.0,-0.069813169538975
,2872,SAMPLE,,,160.0,120.0,160.0,120.0,0.0,0.0,0.0,0.0,-0.069813169538975
,2873,SAMPLE,,,160.0,120.0,160.0,120.0,0.0,0.0,0.0,0.0,-0.069813169538975
,2874,SAMPLE,,,160.0,120.0,160.0,120.0,0.0,0.0,0.0,0.0,-0.069813169538975
,2875,SAMPLE,,,160.0,120.0,160.0,120.0,0.0,0.0,0.0,0.0,-0.069813169538975
,2876,SAMPLE,,,160.0,120.0,160.0,120.0,0.0,0.0,0.0,0.0,-0.069813169538975
,2877,SAMPLE,,,160.0,120.0,160.0,120.0,0.0,0.0,0.0,0.0,-0.069813169538975
,2878,SAMPLE,,,160.0,120.0,160.0,120.0,0.0,0.0,0.0,0.0,-0.069813169538975
,2879,SAMPLE,,,160.0,120.0,160.0,120.0,0.0,0.0,0.0,0.0,-0.069813169538975
,2880,SAMPLE,,,160.0,120.0,160.0,120.0,0.0,0.0,0.0,0.0,-0.069813169538975
,2881,SAMPLE,,,160.0,120.0,160.0,120.0,0.0,0.0,0.0,0.0,-0.069813169538975
,2882,SAMPLE,,,160.0,120.0,160.0,120.0,0.0,0.0,0.0,0.0,-0.069813169538975
,2883,SAMPLE,,,160.0,120.0,160.0,120.0,0.0,0.0,0.0,0.0,-0.069813169538975
1,2873,PRE_SHOT,,-12,160.0,120.0,160.0,120.0,0.0,0.0,0.0,0.0,-0.069813169538975
1,2874,PRE_SHOT,,-11,160.0,120.0,160.0,120.0,0.0,0.0,0.0,0.0,-0.069813169538975
1,2875,PRE_SHOT,,-10,160.0,120.0,160.0,120.0,0.0,0.0,0.0,0.0,-0.069813169538975
1,2876,PRE_SHOT,,-9,160.0,120.0,160.0,120.0,0.0,0.0,0.0,0.0,-0.069813169538975
1,2877,PRE_SHOT,,-8,160.0,120.0,160.0,120.0,0.0,0.0,0.0,0.0,-0.069813169538975
1,2878,PRE_SHOT,,-7,160.0,120.0,160.0,120.0,0.0,0.0,0.0,0.0,-0.069813169538975
1,2879,PRE_SHOT,,-6,160.0,120.0,160.0,120.0,0.0,0.0,0.0,0.0,-0.069813169538975
1,2880,PRE_SHOT,,-5,160.0,120.0,160.0,120.0,0.0,0.0,0.0,0.0,-0.069813169538975
1,2881,PRE_SHOT,,-4,160.0,120.0,160.0,120.0,0.0,0.0,0.0,0.0,-0.069813169538975
1,2882,PRE_SHOT,,-3,160.0,120.0,160.0,120.0,0.0,0.0,0.0,0.0,-0.069813169538975
1,2883,PRE_SHOT,,-2,160.0,120.0,160.0,120.0,0.0,0.0,0.0,0.0,-0.069813169538975
1,2884,PRE_SHOT,,-1,160.0,120.0,160.0,120.0,0.0,0.0,0.0,0.0,-0.069813169538975
1,2884,SHOT,,0,160.0,120.0,160.0,120.0,0.0,0.0,0.0,0.0,-0.069813169538975
1,2884,SAMPLE,,,160.0,120.0,160.0,120.0,0.0,0.0,0.0,0.0,-0.069813169538975
1,2884,POST_SHOT,,1,160.0,120.0,160.0,120.0,0.0,0.0,0.0,0.0,-0.069813169538975
1,2885,SAMPLE,,,160.0,120.0,160.0,120.0,0.0,0.0,0.0,0.0,-0.069813169538975
1,2885,POST_SHOT,,2,160.0,120.0,160.0,120.0,0.0,0.0,0.0,0.0,-0.069813169538975
1,2886,SAMPLE,,,160.0,120.0,160.0,120.0,0.0,0.0,0.0,0.0,-0.069813169538975
1,2886,POST_SHOT,,3,160.0,120.0,160.0,120.0,0.0,0.0,0.0,0.0,-0.069813169538975
1,2887,SAMPLE,,,160.0,120.0,160.0,120.0,0.0,0.0,0.0,0.0,-0.069813169538975
1,2887,POST_SHOT,,4,160.0,120.0,160.0,120.0,0.0,0.0,0.0,0.0,-0.069813169538975
1,2888,SAMPLE,,,160.0,120.0,160.0,120.0,0.0,0.0,0.0,0.0,-0.069813169538975
1,2888,POST_SHOT,,5,160.0,120.0,160.0,120.0,0.0,0.0,0.0,0.0,-0.069813169538975
1,2889,SAMPLE,,,160.0,120.0,160.0,120.0,0.0,0.0,0.0,0.0,-0.069813169538975
1,2889,POST_SHOT,,6,160.0,120.0,160.0,120.0,0.0,0.0,0.0,0.0,-0.069813169538975
1,2890,SAMPLE,,,160.0,120.0,160.0,120.0,0.0,0.0,0.0,0.0,-0.069813169538975
1,2890,POST_SHOT,,7,160.0,120.0,160.0,120.0,0.0,0.0,0.0,0.0,-0.069813169538975
1,2891,SAMPLE,,,160.0,120.0,160.0,120.0,0.0,0.0,0.0,0.0,-0.069813169538975
1,2891,POST_SHOT,,8,160.0,120.0,160.0,120.0,0.0,0.0,0.0,0.0,-0.069813169538975
1,2892,SAMPLE,,,160.0,120.0,160.0,120.0,0.0,0.0,0.0,0.0,-0.069813169538975
1,2892,POST_SHOT,,9,160.0,120.0,160.0,120.0,0.0,0.0,0.0,0.0,-0.069813169538975
1,2893,SAMPLE,,,160.0,120.0,160.0,120.0,0.0,0.0,0.0,0.0,-0.069813169538975
1,2893,POST_SHOT,,10,160.0,120.0,160.0,120.0,0.0,0.0,0.0,0.0,-0.069813169538975
1,2894,SAMPLE,,,160.0,120.0,160.0,120.0,0.0,0.0,0.0,0.0,-0.069813169538975
1,2894,POST_SHOT,,11,160.0,120.0,160.0,120.0,0.0,0.0,0.0,0.0,-0.069813169538975
1,2895,SAMPLE,,,160.0,120.0,160.0,120.0,0.0,0.0,0.0,0.0,-0.069813169538975
1,2895,POST_SHOT,,12,160.0,120.0,160.0,120.0,0.0,0.0,0.0,0.0,-0.069813169538975
1,2896,SAMPLE,,,160.0,120.0,160.0,120.0,0.0,0.0,0.0,0.0,-0.069813169538975
1,2896,POST_SHOT,,13,160.0,120.0,160.0,120.0,0.0,0.0,0.0,0.0,-0.069813169538975
1,2897,SAMPLE,,,160.0,120.0,160.0,120.0,0.0,0.0,0.0,0.0,-0.069813169538975
1,2897,POST_SHOT,,14,160.0,120.0,160.0,120.0,0.0,0.0,0.0,0.0,-0.069813169538975
1,2898,SAMPLE,,,160.0,120.0,160.0,120.0,0.0,0.0,0.0,0.0,-0.069813169538975
1,2898,POST_SHOT,,15,160.0,120.0,160.0,120.0,0.0,0.0,0.0,0.0,-0.069813169538975
1,2899,SAMPLE,,,160.0,120.0,160.0,120.0,0.0,0.0,0.0,0.0,-0.069813169538975
1,2899,POST_SHOT,,16,160.0,120.0,160.0,120.0,0.0,0.0,0.0,0.0,-0.069813169538975
1,2900,SAMPLE,,,160.0,120.0,160.0,120.0,0.0,0.0,0.0,0.0,-0.069813169538975
1,2900,POST_SHOT,,17,160.0,120.0,160.0,120.0,0.0,0.0,0.0,0.0,-0.069813169538975
1,2901,SAMPLE,,,160.0,120.0,160.0,120.0,0.0,0.0,0.0,0.0,-0.069813169538975
1,2901,POST_SHOT,,18,160.0,120.0,160.0,120.0,0.0,0.0,0.0,0.0,-0.069813169538975
1,2902,SAMPLE,,,160.0,120.0,160.0,120.0,0.0,0.0,0.0,0.0,-0.069813169538975
1,2902,POST_SHOT,,19,160.0,120.0,160.0,120.0,0.0,0.0,0.0,0.0,-0.069813169538975
1,2903,SAMPLE,,,160.0,120.0,160.0,120.0,0.0,0.0,0.0,0.0,-0.069813169538975
1,2903,POST_SHOT,,20,160.0,120.0,160.0,120.0,0.0,0.0,0.0,0.0,-0.069813169538975
1,2904,SAMPLE,,,160.0,120.0,160.0,120.0,0.0,0.0,0.0,0.0,-0.069813169538975
1,2905,SAMPLE,,,160.0,120.0,160.0,120.0,0.0,0.0,0.0,0.0,-0.069813169538975
1,2906,SAMPLE,,,160.0,120.0,160.0,120.0,0.0,0.0,0.0,0.0,-0.069813169538975
1,2907,SAMPLE,,,160.0,120.0,160.0,120.0,0.0,0.0,0.0,0.0,-0.069813169538975
1,2908,SAMPLE,,,160.0,120.0,160.0,120.0,0.0,0.0,0.0,0.0,-0.069813169538975
1,2909,SAMPLE,,,160.0,120.0,160.0,120.0,0.0,0.0,0.0,0.0,-0.069813169538975
1,2910,SAMPLE,,,160.0,120.0,160.0,120.0,0.0,0.0,0.0,0.0,-0.069813169538975
1,2911,SAMPLE,,,160.0,120.0,160.0,120.0,0.0,0.0,0.0,0.0,-0.069813169538975
1,2912,SAMPLE,,,160.0,120.0,160.0,120.0,0.0,0.0,0.0,0.0,-0.069813169538975
1,2913,SAMPLE,,,160.0,120.0,160.0,120.0,0.0,0.0,0.0,0.0,-0.069813169538975
1,2914,SAMPLE,,,160.0,120.0,160.0,120.0,0.0,0.0,0.0,0.0,-0.069813169538975
1,2915,SAMPLE,,,160.0,120.0,160.0,120.0,0.0,0.0,0.0,0.0,-0.069813169538975
1,2916,SAMPLE,,,160.0,120.0,160.0,120.0,0.0,0.0,0.0,0.0,-0.069813169538975
1,2917,SAMPLE,,,160.0,120.0,160.0,120.0,0.0,0.0,0.0,0.0,-0.069813169538975
1,2918,SAMPLE,,,160.0,120.0,160.0,120.0,0.0,0.0,0.0,0.0,-0.069813169538975
1,2919,SAMPLE,,,160.0,120.0,160.0,120.0,0.0,0.0,0.0,0.0,-0.069813169538975
1,2920,SAMPLE,,,160.0,120.0,160.0,120.0,0.0,0.0,0.0,0.0,-0.069813169538975
1,2921,SAMPLE,,,160.0,120.0,160.0,120.0,0.0,0.0,0.0,0.0,-0.069813169538975
1,2922,SAMPLE,,,160.0,120.0,160.0,120.0,0.0,0.0,0.0,0.0,-0.069813169538975
1,2923,SAMPLE,,,160.0,120.0,160.0,120.0,0.0,0.0,0.0,0.0,-0.069813169538975
1,2924,SAMPLE,,,160.0,120.0,160.0,120.0,0.0,0.0,0.0,0.0,-0.069813169538975
1,2925,SAMPLE,,,160.0,120.0,160.0,120.0,0.0,0.0,0.0,0.0,-0.069813169538975
1,2926,SAMPLE,,,160.0,120.0,160.0,120.0,0.0,0.0,0.0,0.0,-0.069813169538975
1,2927,SAMPLE,,,160.0,120.0,160.0,120.0,0.0,0.0,0.0,0.0,-0.069813169538975
1,2928,SAMPLE,,,160.0,120.0,160.0,120.0,0.0,0.0,0.0,0.0,-0.069813169538975
1,2929,SAMPLE,,,160.0,120.0,160.0,120.0,0.0,0.0,0.0,0.0,-0.069813169538975
1,2930,SAMPLE,,,160.0,120.0,160.0,120.0,0.0,0.0,0.0,0.0,-0.069813169538975
1,2931,SAMPLE,,,160.0,120.0,160.0,120.0,0.0,0.0,0.0,0.0,-0.069813169538975
1,2932,SAMPLE,,,160.0,120.0,160.0,120.0,0.0,0.0,0.0,0.0,-0.069813169538975
1,2933,SAMPLE,,,160.0,120.0,160.0,120.0,0.0,0.0,0.0,0.0,-0.069813169538975
1,2934,SAMPLE,,,160.0,120.0,160.0,120.0,0.0,0.0,0.0,0.0,-0.069813169538975
1,2935,SAMPLE,,,160.0,120.0,160.0,120.0,0.0,0.0,0.0,0.0,-0.069813169538975
1,2936,SAMPLE,,,160.0,120.0,160.0,120.0,0.0,0.0,0.0,0.0,-0.069813169538975
1,2937,SAMPLE,,,160.0,120.0,160.0,120.0,0.0,0.0,0.0,0.0,-0.069813169538975
1,2938,SAMPLE,,,160.0,120.0,160.0,120.0,0.0,0.0,0.0,0.0,-0.069813169538975
1,2939,SAMPLE,,,160.0,120.0,160.0,120.0,0.0,0.0,0.0,0.0,-0.069813169538975
1,2940,SAMPLE,,,160.0,120.0,160.0,120.0,0.0,0.0,0.0,0.0,-0.069813169538975
1,2941,SAMPLE,,,160.0,120.0,160.0,120.0,0.0,0.0,0.0,0.0,-0.069813169538975
1,2942,SAMPLE,,,160.0,120.0,160.0,120.0,0.0,0.0,0.0,0.0,-0.069813169538975
1,2943,SAMPLE,,,160.0,120.0,160.0,120.0,0.0,0.0,0.0,0.0,-0.069813169538975
1,2944,SAMPLE,,,160.0,120.0,160.0,120.0,0.0,0.0,0.0,0.0,-0.069813169538975
1,2945,SAMPLE,,,160.0,120.0,160.0,120.0,0.0,0.0,0.0,0.0,-0.069813169538975
1,2946,SAMPLE,,,160.0,120.0,160.0,120.0,0.0,0.0,0.0,0.0,-0.069813169538975
1,2947,SAMPLE,,,160.0,120.0,160.0,120.0,0.0,0.0,0.0,0.0,-0.069813169538975
1,2948,SAMPLE,,,160.0,120.0,160.0,120.0,0.0,0.0,0.0,0.0,-0.069813169538975
1,2949,SAMPLE,,,160.0,120.0,160.0,120.0,0.0,0.0,0.0,0.0,-0.069813169538975
1,2950,SAMPLE,,,160.0,120.0,160.0,120.0,0.0,0.0,0.0,0.0,-0.069813169538975
1,2951,SAMPLE,,,160.0,120.0,160.0,120.0,0.0,0.0,0.0,0.0,-0.069813169538975
1,2952,SAMPLE,,,160.0,120.0,160.0,120.0,0.0,0.0,0.0,0.0,-0.069813169538975
1,2953,SAMPLE,,,160.0,120.0,160.0,120.0,0.0,0.0,0.0,0.0,-0.069813169538975
1,2954,SAMPLE,,,160.0,120.0,160.0,120.0,0.0,0.0,0.0,0.0,-0.069813169538975
1,2955,SAMPLE,,,160.0,120.0,160.0,120.0,0.0,0.0,0.0,0.0,-0.069813169538975
1,2956,SAMPLE,,,160.0,120.0,160.0,120.0,0.0,0.0,0.0,0.0,-0.069813169538975
1,2957,SAMPLE,,,160.0,120.0,160.0,120.0,0.0,0.0,0.0,0.0,-0.069813169538975
1,2958,SAMPLE,,,160.0,120.0,160.0,120.0,0.0,0.0,0.0,0.0,-0.069813169538975
1,2959,SAMPLE,,,160.0,120.0,160.0,120.0,0.0,0.0,0.0,0.0,-0.069813169538975
1,2960,SAMPLE,,,160.0,120.0,160.0,120.0,0.0,0.0,0.0,0.0,-0.069813169538975
1,2961,SAMPLE,,,160.0,120.0,160.0,120.0,0.0,0.0,0.0,0.0,-0.069813169538975
1,2962,SAMPLE,,,160.0,120.0,160.0,120.0,0.0,0.0,0.0,0.0,-0.069813169538975
1,2963,SAMPLE,,,160.0,120.0,160.0,120.0,0.0,0.0,0.0,0.0,-0.069813169538975
1,2964,SAMPLE,,,160.0,120.0,160.0,120.0,0.0,0.0,0.0,0.0,-0.069813169538975
1,2965,SAMPLE,,,160.0,120.0,160.0,120.0,0.0,0.0,0.0,0.0,-0.069813169538975
1,2966,SAMPLE,,,160.0,120.0,160.0,120.0,0.0,0.0,0.0,0.0,-0.069813169538975
1,2967,SAMPLE,,,160.0,120.0,160.0,120.0,0.0,0.0,0.0,0.0,-0.069813169538975
1,2968,SAMPLE,,,160.0,120.0,160.0,120.0,0.0,0.0,0.0,0.0,-0.069813169538975
1,2969,SAMPLE,,,160.0,120.0,160.0,120.0,0.0,0.0,0.0,0.0,-0.069813169538975
1,2970,SAMPLE,,,160.0,120.0,160.0,120.0,0.0,0.0,0.0,0.0,-0.069813169538975
1,2971,SAMPLE,,,160.0,120.0,160.0,120.0,0.0,0.0,0.0,0.0,-0.069813169538975
1,2972,SAMPLE,,,160.0,120.0,160.0,120.0,0.0,0.0,0.0,0.0,-0.069813169538975
1,2973,SAMPLE,,,160.0,120.0,160.0,120.0,0.0,0.0,0.0,0.0,-0.069813169538975
1,2974,SAMPLE,,,160.0,120.0,160.0,120.0,0.0,0.0,0.0,0.0,-0.069813169538975
1,2975,SAMPLE,,,160.0,120.0,160.0,120.0,0.0,0.0,0.0,0.0,-0.069813169538975
1,2976,SAMPLE,,,160.0,120.0,160.0,120.0,0.0,0.0,0.0,0.0,-0.069813169538975
1,2977,SAMPLE,,,160.0,120.0,160.0,120.0,0.0,0.0,0.0,0.0,-0.069813169538975
1,2978,SAMPLE,,,160.0,120.0,160.0,120.0,0.0,0.0,0.0,0.0,-0.069813169538975
1,2979,SAMPLE,,,160.0,120.0,160.0,120.0,0.0,0.0,0.0,0.0,-0.069813169538975
1,2980,SAMPLE,,,160.0,120.0,160.0,120.0,0.0,0.0,0.0,0.0,-0.069813169538975
1,2981,SAMPLE,,,160.0,120.0,160.0,120.0,0.0,0.0,0.0,0.0,-0.069813169538975
1,2982,SAMPLE,,,160.0,120.0,160.0,120.0,0.0,0.0,0.0,0.0,-0.069813169538975
1,2983,SAMPLE,,,160.0,120.0,160.0,120.0,0.0,0.0,0.0,0.0,-0.069813169538975
1,2984,SAMPLE,,,160.0,120.0,160.0,120.0,0.0,0.0,0.0,0.0,-0.069813169538975
1,2985,SAMPLE,,,160.0,120.0,160.0,120.0,0.0,0.0,0.0,0.0,-0.069813169538975
1,2986,SAMPLE,,,160.0,120.0,160.0,120.0,0.0,0.0,0.0,0.0,-0.069813169538975
1,2987,SAMPLE,,,160.0,120.0,160.0,120.0,0.0,0.0,0.0,0.0,-0.069813169538975
1,2988,SAMPLE,,,160.0,120.0,160.0,120.0,0.0,0.0,0.0,0.0,-0.069813169538975
1,2989,SAMPLE,,,160.0,120.0,160.0,120.0,0.0,0.0,0.0,0.0,-0.069813169538975
1,2990,SAMPLE,,,160.0,120.0,160.0,120.0,0.0,0.0,0.0,0.0,-0.069813169538975
1,2991,SAMPLE,,,160.0,120.0,160.0,120.0,0.0,0.0,0.0,0.0,-0.069813169538975
1,2992,SAMPLE,,,160.0,120.0,160.0,120.0,0.0,0.0,0.0,0.0,-0.069813169538975
1,2993,SAMPLE,,,160.0,120.0,160.0,120.0,0.0,0.0,0.0,0.0,-0.069813169538975
1,2994,SAMPLE,,,160.0,120.0,160.0,120.0,0.0,0.0,0.0,0.0,-0.069813169538975
1,2995,SAMPLE,,,160.0,120.0,160.0,120.0,0.0,0.0,0.0,0.0,-0.069813169538975
1,2996,SAMPLE,,,160.0,120.0,160.0,120.0,0.0,0.0,0.0,0.0,-0.069813169538975
1,2997,SAMPLE,,,160.0,120.0,160.0,120.0,0.0,0.0,0.0,0.0,-0.069813169538975
1,2998,SAMPLE,,,160.0,120.0,160.0,120.0,0.0,0.0,0.0,0.0,-0.069813169538975
1,2999,SAMPLE,,,160.0,120.0,160.0,120.0,0.0,0.0,0.0,0.0,-0.069813169538975
1,3000,SAMPLE,,,160.0,120.0,160.0,120.0,0.0,0.0,0.0,0.0,-0.069813169538975
1,3001,SAMPLE,,,160.0,120.0,160.0,120.0,0.0,0.0,0.0,0.0,-0.069813169538975
1,3002,SAMPLE,,,160.0,120.0,160.0,120.0,0.0,0.0,0.0,0.0,-0.069813169538975
1,3003,SAMPLE,,,160.0,120.0,160.0,120.0,0.0,0.0,0.0,0.0,-0.069813169538975
1,3004,SAMPLE,,,160.0,120.0,160.0,120.0,0.0,0.0,0.0,0.0,-0.069813169538975
1,3005,SAMPLE,,,160.0,120.0,160.0,120.0,0.0,0.0,0.0,0.0,-0.069813169538975
1,3006,SAMPLE,,,160.0,120.0,160.0,120.0,0.0,0.0,0.0,0.0,-0.069813169538975
1,3007,SAMPLE,,,160.0,120.0,160.0,120.0,0.0,0.0,0.0,0.0,-0.069813169538975
1,3008,SAMPLE,,,160.0,120.0,160.0,120.0,0.0,0.0,0.0,0.0,-0.069813169538975
1,3009,SAMPLE,,,160.0,120.0,160.0,120.0,0.0,0.0,0.0,0.0,-0.069813169538975
1,3010,SAMPLE,,,160.0,120.0,160.0,120.0,0.0,0.0,0.0,0.0,-0.069813169538975
1,3011,SAMPLE,,,160.0,120.0,160.0,120.0,0.0,0.0,0.0,0.0,-0.069813169538975
1,3012,SAMPLE,,,160.0,120.0,160.0,120.0,0.0,0.0,0.0,0.0,-0.069813169538975
1,3013,SAMPLE,,,160.0,120.0,160.0,120.0,0.0,0.0,0.0,0.0,-0.069813169538975
1,3014,SAMPLE,,,160.0,120.0,160.0,120.0,0.0,0.0,0.0,0.0,-0.069813169538975
1,3015,SAMPLE,,,160.0,120.0,160.0,120.0,0.0,0.0,0.0,0.0,-0.069813169538975
1,3016,SAMPLE,,,160.0,120.0,160.0,120.0,0.0,0.0,0.0,0.0,-0.069813169538975
1,3017,SAMPLE,,,160.0,120.0,160.0,120.0,0.0,0.0,0.0,0.0,-0.069813169538975
1,3018,SAMPLE,,,160.0,120.0,160.0,120.0,0.0,0.0,0.0,0.0,-0.069813169538975
1,3019,SAMPLE,,,160.0,120.0,160.0,120.0,0.0,0.0,0.0,0.0,-0.069813169538975
1,3020,SAMPLE,,,160.0,120.0,160.0,120.0,0.0,0.0,0.0,0.0,-0.069813169538975
1,3021,SAMPLE,,,160.0,120.0,160.0,120.0,0.0,0.0,0.0,0.0,-0.069813169538975
1,3022,SAMPLE,,,160.0,120.0,160.0,120.0,0.0,0.0,0.0,0.0,-0.069813169538975
1,3023,SAMPLE,,,160.0,120.0,160.0,120.0,0.0,0.0,0.0,0.0,-0.069813169538975
1,3024,SAMPLE,,,160.0,120.0,160.0,120.0,0.0,0.0,0.0,0.0,-0.069813169538975
1,3025,SAMPLE,,,160.0,120.0,160.0,120.0,0.0,0.0,0.0,0.0,-0.069813169538975
1,3026,SAMPLE,,,160.0,120.0,160.0,120.0,0.0,0.0,0.0,0.0,-0.069813169538975
1,3027,SAMPLE,,,160.0,120.0,160.0,120.0,0.0,0.0,0.0,0.0,-0.069813169538975
1,3028,SAMPLE,,,160.0,120.0,160.0,120.0,0.0,0.0,0.0,0.0,-0.069813169538975
1,3029,SAMPLE,,,160.0,120.0,160.0,120.0,0.0,0.0,0.0,0.0,-0.069813169538975
1,3030,SAMPLE,,,160.0,120.0,160.0,120.0,0.0,0.0,0.0,0.0,-0.069813169538975
1,3031,SAMPLE,,,160.0,120.0,160.0,120.0,0.0,0.0,0.0,0.0,-0.069813169538975
1,3032,SAMPLE,,,160.0,120.0,160.0,120.0,0.0,0.0,0.0,0.0,-0.069813169538975
1,3033,SAMPLE,,,160.0,120.0,160.0,120.0,0.0,0.0,0.0,0.0,-0.069813169538975
1,3034,SAMPLE,,,160.0,120.0,160.0,120.0,0.0,0.0,0.0,0.0,-0.069813169538975
1,3035,SAMPLE,,,160.0,120.0,160.0,120.0,0.0,0.0,0.0,0.0,-0.069813169538975
1,3036,SAMPLE,,,160.0,120.0,160.0,120.0,0.0,0.0,0.0,0.0,-0.069813169538975
1,3037,SAMPLE,,,160.0,120.0,160.0,120.0,0.0,0.0,0.0,0.0,-0.069813169538975
1,3038,SAMPLE,,,160.0,120.0,160.0,120.0,0.0,0.0,0.0,0.0,-0.069813169538975
1,3039,SAMPLE,,,160.0,120.0,160.0,120.0,0.0,0.0,0.0,0.0,-0.069813169538975
1,3040,SAMPLE,,,160.0,120.0,160.0,120.0,0.0,0.0,0.0,0.0,-0.069813169538975
1,3041,SAMPLE,,,160.0,120.0,160.0,120.0,0.0,0.0,0.0,0.0,-0.069813169538975
1,3042,SAMPLE,,,160.0,120.0,160.0,120.0,0.0,0.0,0.0,0.0,-0.069813169538975
1,3043,SAMPLE,,,160.0,120.0,160.0,120.0,0.0,0.0,0.0,0.0,-0.069813169538975
1,3044,SAMPLE,,,160.0,120.0,160.0,120.0,0.0,0.0,0.0,0.0,-0.069813169538975
1,3045,SAMPLE,,,160.0,120.0,160.0,120.0,0.0,0.0,0.0,0.0,-0.069813169538975
1,2884,OUTCOME,HIT,0,160.0,120.0,160.0,120.0,0.0,0.0,0.0,0.0,-0.069813169538975
1,3046,SAMPLE,HIT,,160.0,120.0,160.0,120.0,0.0,0.0,0.0,0.0,-0.069813169538975
1,3047,SAMPLE,HIT,,160.0,120.0,160.0,120.0,0.0,0.0,0.0,0.0,-0.069813169538975
1,3048,SAMPLE,HIT,,160.0,120.0,160.0,120.0,0.0,0.0,0.0,0.0,-0.069813169538975
1,3049,SAMPLE,HIT,,160.0,120.0,160.0,120.0,0.0,0.0,0.0,0.0,-0.069813169538975
1,3050,SAMPLE,HIT,,160.0,120.0,160.0,120.0,0.0,0.0,0.0,0.0,-0.069813169538975
1,3051,SAMPLE,HIT,,160.0,120.0,160.0,120.0,0.0,0.0,0.0,0.0,-0.069813169538975
1,3052,SAMPLE,HIT,,160.0,120.0,160.0,120.0,0.0,0.0,0.0,0.0,-0.069813169538975
1,3053,SAMPLE,HIT,,160.0,120.0,160.0,120.0,0.0,0.0,0.0,0.0,-0.069813169538975
1,3054,SAMPLE,HIT,,160.0,120.0,160.0,120.0,0.0,0.0,0.0,0.0,-0.069813169538975
1,3055,SAMPLE,HIT,,160.0,120.0,160.0,120.0,0.0,0.0,0.0,0.0,-0.069813169538975
1,3056,SAMPLE,HIT,,160.0,120.0,160.0,120.0,0.0,0.0,0.0,0.0,-0.069813169538975
1,3057,SAMPLE,HIT,,160.0,120.0,160.0,120.0,0.0,0.0,0.0,0.0,-0.069813169538975
1,3058,SAMPLE,HIT,,160.0,120.0,160.0,120.0,0.0,0.0,0.0,0.0,-0.069813169538975
1,3059,SAMPLE,HIT,,160.0,120.0,160.0,120.0,0.0,0.0,0.0,0.0,-0.069813169538975
1,3060,SAMPLE,HIT,,160.0,120.0,160.0,120.0,0.0,0.0,0.0,0.0,-0.069813169538975
1,3061,SAMPLE,HIT,,160.0,120.0,160.0,120.0,0.0,0.0,0.0,0.0,-0.069813169538975
1,3062,SAMPLE,HIT,,160.0,120.0,160.0,120.0,0.0,0.0,0.0,0.0,-0.069813169538975
1,3063,SAMPLE,HIT,,160.0,120.0,160.0,120.0,0.0,0.0,0.0,0.0,-0.069813169538975
1,3064,SAMPLE,HIT,,160.0,120.0,160.0,120.0,0.0,0.0,0.0,0.0,-0.069813169538975
1,3065,SAMPLE,HIT,,160.0,120.0,160.0,120.0,0.0,0.0,0.0,0.0,-0.069813169538975
1,3066,SAMPLE,HIT,,160.0,120.0,160.0,120.0,0.0,0.0,0.0,0.0,-0.069813169538975
1,3067,SAMPLE,HIT,,160.0,120.0,160.0,120.0,0.0,0.0,0.0,0.0,-0.069813169538975
1,3068,SAMPLE,HIT,,160.0,120.0,160.0,120.0,0.0,0.0,0.0,0.0,-0.069813169538975
1,3069,SAMPLE,HIT,,160.0,120.0,160.0,120.0,0.0,0.0,0.0,0.0,-0.069813169538975
1,3070,SAMPLE,HIT,,160.0,120.0,160.0,120.0,0.0,0.0,0.0,0.0,-0.069813169538975
1,3071,SAMPLE,HIT,,160.0,120.0,160.0,120.0,0.0,0.0,0.0,0.0,-0.069813169538975
1,3072,SAMPLE,HIT,,160.0,120.0,160.0,120.0,0.0,0.0,0.0,0.0,-0.069813169538975
1,3073,SAMPLE,HIT,,160.0,120.0,160.0,120.0,0.0,0.0,0.0,0.0,-0.069813169538975
1,3074,SAMPLE,HIT,,160.0,120.0,160.0,120.0,0.0,0.0,0.0,0.0,-0.069813169538975
1,3075,SAMPLE,HIT,,160.0,120.0,160.0,120.0,0.0,0.0,0.0,0.0,-0.069813169538975
1,3076,SAMPLE,HIT,,160.0,120.0,160.0,120.0,0.0,0.0,0.0,0.0,-0.069813169538975
1,3077,SAMPLE,HIT,,160.0,120.0,160.0,120.0,0.0,0.0,0.0,0.0,-0.069813169538975
1,3078,SAMPLE,HIT,,160.0,120.0,160.0,120.0,0.0,0.0,0.0,0.0,-0.069813169538975
1,3079,SAMPLE,HIT,,160.0,120.0,160.0,120.0,0.0,0.0,0.0,0.0,-0.069813169538975
1,3080,SAMPLE,HIT,,160.0,120.0,160.0,120.0,0.0,0.0,0.0,0.0,-0.069813169538975
1,3081,SAMPLE,HIT,,160.0,120.0,160.0,120.0,0.0,0.0,0.0,0.0,-0.069813169538975
1,3082,SAMPLE,HIT,,160.0,120.0,160.0,120.0,0.0,0.0,0.0,0.0,-0.069813169538975
1,3083,SAMPLE,HIT,,160.0,120.0,160.0,120.0,0.0,0.0,0.0,0.0,-0.069813169538975
1,3084,SAMPLE,HIT,,160.0,120.0,160.0,120.0,0.0,0.0,0.0,0.0,-0.069813169538975
1,3085,SAMPLE,HIT,,160.0,120.0,160.0,120.0,0.0,0.0,0.0,0.0,-0.069813169538975
1,3086,SAMPLE,HIT,,160.0,120.0,160.0,120.0,0.0,0.0,0.0,0.0,-0.069813169538975
1,3087,SAMPLE,HIT,,160.0,120.0,160.0,120.0,0.0,0.0,0.0,0.0,-0.069813169538975
1,3088,SAMPLE,HIT,,160.0,120.0,160.0,120.0,0.0,0.0,0.0,0.0,-0.069813169538975
1,3089,SAMPLE,HIT,,160.0,120.0,160.0,120.0,0.0,0.0,0.0,0.0,-0.069813169538975
1,3090,SAMPLE,HIT,,160.0,120.0,160.0,120.0,0.0,0.0,0.0,0.0,-0.069813169538975
1,3091,SAMPLE,HIT,,160.0,120.0,160.0,120.0,0.0,0.0,0.0,0.0,-0.069813169538975
1,3092,SAMPLE,HIT,,160.0,120.0,160.0,120.0,0.0,0.0,0.0,0.0,-0.069813169538975
1,3093,SAMPLE,HIT,,160.0,120.0,160.0,120.0,0.0,0.0,0.0,0.0,-0.069813169538975
1,3094,SAMPLE,HIT,,160.0,120.0,160.0,120.0,0.0,0.0,0.0,0.0,-0.069813169538975
1,3095,SAMPLE,HIT,,160.0,120.0,160.0,120.0,0.0,0.0,0.0,0.0,-0.069813169538975
1,3096,SAMPLE,HIT,,160.0,120.0,160.0,120.0,0.0,0.0,0.0,0.0,-0.069813169538975
1,3097,SAMPLE,HIT,,160.0,120.0,160.0,120.0,0.0,0.0,0.0,0.0,-0.069813169538975
1,3098,SAMPLE,HIT,,160.0,120.0,160.0,120.0,0.0,0.0,0.0,0.0,-0.069813169538975
1,3099,SAMPLE,HIT,,160.0,120.0,160.0,120.0,0.0,0.0,0.0,0.0,-0.069813169538975
1,3100,SAMPLE,HIT,,160.0,120.0,160.0,120.0,0.0,0.0,0.0,0.0,-0.069813169538975
1,3101,SAMPLE,HIT,,160.0,120.0,160.0,120.0,0.0,0.0,0.0,0.0,-0.069813169538975
1,3102,SAMPLE,HIT,,160.0,120.0,160.0,120.0,0.0,0.0,0.0,0.0,-0.069813169538975
1,3103,SAMPLE,HIT,,160.0,120.0,160.0,120.0,0.0,0.0,0.0,0.0,-0.069813169538975
1,3104,SAMPLE,HIT,,160.0,120.0,160.0,120.0,0.0,0.0,0.0,0.0,-0.069813169538975
1,3105,SAMPLE,HIT,,160.0,120.0,160.0,120.0,0.0,0.0,0.0,0.0,-0.069813169538975
1,3106,SAMPLE,HIT,,160.0,120.0,160.0,120.0,0.0,0.0,0.0,0.0,-0.069813169538975
1,3107,SAMPLE,HIT,,160.0,120.0,160.0,120.0,0.0,0.0,0.0,0.0,-0.069813169538975
1,3108,SAMPLE,HIT,,160.0,120.0,160.0,120.0,0.0,0.0,0.0,0.0,-0.069813169538975
1,3109,SAMPLE,HIT,,160.0,120.0,160.0,120.0,0.0,0.0,0.0,0.0,-0.069813169538975
1,3110,SAMPLE,HIT,,160.0,120.0,160.0,120.0,0.0,0.0,0.0,0.0,-0.069813169538975
1,3111,SAMPLE,HIT,,160.0,120.0,160.0,120.0,0.0,0.0,0.0,0.0,-0.069813169538975
1,3112,SAMPLE,HIT,,160.0,120.0,160.0,120.0,0.0,0.0,0.0,0.0,-0.069813169538975
1,3113,SAMPLE,HIT,,160.0,120.0,160.0,120.0,0.0,0.0,0.0,0.0,-0.069813169538975
1,3114,SAMPLE,HIT,,160.0,120.0,160.0,120.0,0.0,0.0,0.0,0.0,-0.069813169538975
1,3115,SAMPLE,HIT,,160.0,120.0,160.0,120.0,0.0,0.0,0.0,0.0,-0.069813169538975
1,3116,SAMPLE,HIT,,160.0,120.0,160.0,120.0,0.0,0.0,0.0,0.0,-0.069813169538975
1,3117,SAMPLE,HIT,,160.0,120.0,160.0,120.0,0.0,0.0,0.0,0.0,-0.069813169538975
1,3118,SAMPLE,HIT,,160.0,120.0,160.0,120.0,0.0,0.0,0.0,0.0,-0.069813169538975
1,3119,SAMPLE,HIT,,160.0,120.0,160.0,120.0,0.0,0.0,0.0,0.0,-0.069813169538975
1,3120,SAMPLE,HIT,,160.0,120.0,160.0,120.0,0.0,0.0,0.0,0.0,-0.069813169538975
1,3121,SAMPLE,HIT,,160.0,120.0,160.0,120.0,0.0,0.0,0.0,0.0,-0.069813169538975
1,3122,SAMPLE,HIT,,160.0,120.0,160.0,120.0,0.0,0.0,0.0,0.0,-0.069813169538975
1,3123,SAMPLE,HIT,,160.0,120.0,160.0,120.0,0.0,0.0,0.0,0.0,-0.069813169538975
1,3124,SAMPLE,HIT,,160.0,120.0,160.0,120.0,0.0,0.0,0.0,0.0,-0.069813169538975
1,3125,SAMPLE,HIT,,160.0,120.0,160.0,120.0,0.0,0.0,0.0,0.0,-0.069813169538975
1,3126,SAMPLE,HIT,,160.0,120.0,160.0,120.0,0.0,0.0,0.0,0.0,-0.069813169538975
1,3127,SAMPLE,HIT,,160.0,120.0,160.0,120.0,0.0,0.0,0.0,0.0,-0.069813169538975
1,3128,SAMPLE,HIT,,160.0,120.0,160.0,120.0,0.0,0.0,0.0,0.0,-0.069813169538975
1,3129,SAMPLE,HIT,,160.0,120.0,160.0,120.0,0.0,0.0,0.0,0.0,-0.069813169538975
1,3130,SAMPLE,HIT,,160.0,120.0,160.0,120.0,0.0,0.0,0.0,0.0,-0.069813169538975
1,3131,SAMPLE,HIT,,160.0,120.0,160.0,120.0,0.0,0.0,0.0,0.0,-0.069813169538975
1,3132,SAMPLE,HIT,,160.0,120.0,160.0,120.0,0.0,0.0,0.0,0.0,-0.069813169538975
1,3133,SAMPLE,HIT,,160.0,120.0,160.0,120.0,0.0,0.0,0.0,0.0,-0.069813169538975
1,3134,SAMPLE,HIT,,160.0,120.0,160.0,120.0,0.0,0.0,0.0,0.0,-0.069813169538975
1,3135,SAMPLE,HIT,,160.0,120.0,160.0,120.0,0.0,0.0,0.0,0.0,-0.069813169538975
1,3136,SAMPLE,HIT,,160.0,120.0,160.0,120.0,0.0,0.0,0.0,0.0,-0.069813169538975
1,3137,SAMPLE,HIT,,160.0,120.0,160.0,120.0,0.0,0.0,0.0,0.0,-0.069813169538975
1,3138,SAMPLE,HIT,,160.0,120.0,160.0,120.0,0.0,0.0,0.0,0.0,-0.069813169538975
1,3139,SAMPLE,HIT,,160.0,120.0,160.0,120.0,0.0,0.0,0.0,0.0,-0.069813169538975
1,3140,SAMPLE,HIT,,160.0,120.0,160.0,120.0,0.0,0.0,0.0,0.0,-0.069813169538975
1,3141,SAMPLE,HIT,,160.0,120.0,160.0,120.0,0.0,0.0,0.0,0.0,-0.069813169538975
1,3142,SAMPLE,HIT,,160.0,120.0,160.0,120.0,0.0,0.0,0.0,0.0,-0.069813169538975
1,3143,SAMPLE,HIT,,160.0,120.0,160.0,120.0,0.0,0.0,0.0,0.0,-0.069813169538975
1,3144,SAMPLE,HIT,,160.0,120.0,160.0,120.0,0.0,0.0,0.0,0.0,-0.069813169538975
1,3145,SAMPLE,HIT,,160.0,120.0,160.0,120.0,0.0,0.0,0.0,0.0,-0.069813169538975
1,3146,SAMPLE,HIT,,160.0,120.0,160.0,120.0,0.0,0.0,0.0,0.0,-0.069813169538975
1,3147,SAMPLE,HIT,,160.0,120.0,160.0,120.0,0.0,0.0,0.0,0.0,-0.069813169538975
1,3148,SAMPLE,HIT,,160.0,120.0,160.0,120.0,0.0,0.0,0.0,0.0,-0.069813169538975
1,3149,SAMPLE,HIT,,160.0,120.0,160.0,120.0,0.0,0.0,0.0,0.0,-0.069813169538975
1,3150,SAMPLE,HIT,,160.0,120.0,160.0,120.0,0.0,0.0,0.0,0.0,-0.069813169538975
1,3151,SAMPLE,HIT,,160.0,120.0,160.0,120.0,0.0,0.0,0.0,0.0,-0.069813169538975
1,3152,SAMPLE,HIT,,160.0,120.0,160.0,120.0,0.0,0.0,0.0,0.0,-0.069813169538975
1,3153,SAMPLE,HIT,,160.0,120.0,160.0,120.0,0.0,0.0,0.0,0.0,-0.069813169538975
1,3154,SAMPLE,HIT,,160.0,120.0,160.0,120.0,0.0,0.0,0.0,0.0,-0.069813169538975
1,3155,SAMPLE,HIT,,160.0,120.0,160.0,120.0,0.0,0.0,0.0,0.0,-0.069813169538975
1,3156,SAMPLE,HIT,,160.0,120.0,160.0,120.0,0.0,0.0,0.0,0.0,-0.069813169538975
1,3157,SAMPLE,HIT,,160.0,120.0,160.0,120.0,0.0,0.0,0.0,0.0,-0.069813169538975
1,3158,SAMPLE,HIT,,160.0,120.0,160.0,120.0,0.0,0.0,0.0,0.0,-0.069813169538975
1,3159,SAMPLE,HIT,,160.0,120.0,160.0,120.0,0.0,0.0,0.0,0.0,-0.069813169538975
1,3160,SAMPLE,HIT,,160.0,120.0,160.0,120.0,0.0,0.0,0.0,0.0,-0.069813169538975
1,3161,SAMPLE,HIT,,160.0,120.0,160.0,120.0,0.0,0.0,0.0,0.0,-0.069813169538975
1,3162,SAMPLE,HIT,,160.0,120.0,160.0,120.0,0.0,0.0,0.0,0.0,-0.069813169538975
1,3163,SAMPLE,HIT,,160.0,120.0,160.0,120.0,0.0,0.0,0.0,0.0,-0.069813169538975
1,3164,SAMPLE,HIT,,160.0,120.0,160.0,120.0,0.0,0.0,0.0,0.0,-0.069813169538975
1,3165,SAMPLE,HIT,,160.0,120.0,160.0,120.0,0.0,0.0,0.0,0.0,-0.069813169538975
1,3166,SAMPLE,HIT,,160.0,120.0,160.0,120.0,0.0,0.0,0.0,0.0,-0.069813169538975
1,3167,SAMPLE,HIT,,160.0,120.0,160.0,120.0,0.0,0.0,0.0,0.0,-0.069813169538975
1,3168,SAMPLE,HIT,,160.0,120.0,160.0,120.0,0.0,0.0,0.0,0.0,-0.069813169538975
1,3169,SAMPLE,HIT,,160.0,120.0,160.0,120.0,0.0,0.0,0.0,0.0,-0.069813169538975
1,3170,SAMPLE,HIT,,160.0,120.0,160.0,120.0,0.0,0.0,0.0,0.0,-0.069813169538975
1,3171,SAMPLE,HIT,,160.0,120.0,160.0,120.0,0.0,0.0,0.0,0.0,-0.069813169538975
1,3172,SAMPLE,HIT,,160.0,120.0,160.0,120.0,0.0,0.0,0.0,0.0,-0.069813169538975
1,3173,SAMPLE,HIT,,160.0,120.0,160.0,120.0,0.0,0.0,0.0,0.0,-0.069813169538975
1,3174,SAMPLE,HIT,,160.0,120.0,160.0,120.0,0.0,0.0,0.0,0.0,-0.069813169538975
1,3175,SAMPLE,HIT,,160.0,120.0,160.0,120.0,0.0,0.0,0.0,0.0,-0.069813169538975
1,3176,SAMPLE,HIT,,160.0,120.0,160.0,120.0,0.0,0.0,0.0,0.0,-0.069813169538975
1,3177,SAMPLE,HIT,,160.0,120.0,160.0,120.0,0.0,0.0,0.0,0.0,-0.069813169538975
1,3178,SAMPLE,HIT,,160.0,120.0,160.0,120.0,0.0,0.0,0.0,0.0,-0.069813169538975
1,3179,SAMPLE,HIT,,160.0,120.0,160.0,120.0,0.0,0.0,0.0,0.0,-0.069813169538975
1,3180,SAMPLE,HIT,,160.0,120.0,160.0,120.0,0.0,0.0,0.0,0.0,-0.069813169538975
1,3181,SAMPLE,HIT,,160.0,120.0,160.0,120.0,0.0,0.0,0.0,0.0,-0.069813169538975
1,3182,SAMPLE,HIT,,160.0,120.0,160.0,120.0,0.0,0.0,0.0,0.0,-0.069813169538975
1,3183,SAMPLE,HIT,,160.0,120.0,160.0,120.0,0.0,0.0,0.0,0.0,-0.069813169538975
1,3184,SAMPLE,HIT,,160.0,120.0,160.0,120.0,0.0,0.0,0.0,0.0,-0.069813169538975
1,3185,SAMPLE,HIT,,160.0,120.0,160.0,120.0,0.0,0.0,0.0,0.0,-0.069813169538975
1,3186,SAMPLE,HIT,,160.0,120.0,160.0,120.0,0.0,0.0,0.0,0.0,-0.069813169538975
1,3187,SAMPLE,HIT,,160.0,120.0,160.0,120.0,0.0,0.0,0.0,0.0,-0.069813169538975
1,3188,SAMPLE,HIT,,160.0,120.0,160.0,120.0,0.0,0.0,0.0,0.0,-0.069813169538975
1,3189,SAMPLE,HIT,,160.0,120.0,160.0,120.0,0.0,0.0,0.0,0.0,-0.069813169538975
1,3190,SAMPLE,HIT,,160.0,120.0,160.0,120.0,0.0,0.0,0.0,0.0,-0.069813169538975
1,3191,SAMPLE,HIT,,160.0,120.0,160.0,120.0,0.0,0.0,0.0,0.0,-0.069813169538975
1,3192,SAMPLE,HIT,,160.0,120.0,160.0,120.0,0.0,0.0,0.0,0.0,-0.069813169538975
1,3193,SAMPLE,HIT,,160.0,120.0,160.0,120.0,0.0,0.0,0.0,0.0,-0.069813169538975
1,3194,SAMPLE,HIT,,160.0,120.0,160.0,120.0,0.0,0.0,0.0,0.0,-0.069813169538975
1,3195,SAMPLE,HIT,,160.0,120.0,160.0,120.0,0.0,0.0,0.0,0.0,-0.069813169538975
1,3196,SAMPLE,HIT,,160.0,120.0,160.0,120.0,0.0,0.0,0.0,0.0,-0.069813169538975
1,3197,SAMPLE,HIT,,160.0,120.0,160.0,120.0,0.0,0.0,0.0,0.0,-0.069813169538975
1,3198,SAMPLE,HIT,,160.0,120.0,160.0,120.0,0.0,0.0,0.0,0.0,-0.069813169538975
1,3199,SAMPLE,HIT,,160.0,120.0,160.0,120.0,0.0,0.0,0.0,0.0,-0.069813169538975
1,3200,SAMPLE,HIT,,160.0,120.0,160.0,120.0,0.0,0.0,0.0,0.0,-0.069813169538975
1,3201,SAMPLE,HIT,,160.0,120.0,160.0,120.0,0.0,0.0,0.0,0.0,-0.069813169538975
1,3202,SAMPLE,HIT,,160.0,120.0,160.0,120.0,0.0,0.0,0.0,0.0,-0.069813169538975
1,3203,SAMPLE,HIT,,160.0,120.0,160.0,120.0,0.0,0.0,0.0,0.0,-0.069813169538975
1,3204,SAMPLE,HIT,,160.0,120.0,160.0,120.0,0.0,0.0,0.0,0.0,-0.069813169538975
1,3205,SAMPLE,HIT,,160.0,120.0,160.0,120.0,0.0,0.0,0.0,0.0,-0.069813169538975
1,3206,SAMPLE,HIT,,160.0,120.0,160.0,120.0,0.0,0.0,0.0,0.0,-0.069813169538975
1,3207,SAMPLE,HIT,,160.0,120.0,160.0,120.0,0.0,0.0,0.0,0.0,-0.069813169538975
1,3208,SAMPLE,HIT,,160.0,120.0,160.0,120.0,0.0,0.0,0.0,0.0,-0.069813169538975
1,3209,SAMPLE,HIT,,160.0,120.0,160.0,120.0,0.0,0.0,0.0,0.0,-0.069813169538975
1,3210,SAMPLE,HIT,,160.0,120.0,160.0,120.0,0.0,0.0,0.0,0.0,-0.069813169538975
1,3211,SAMPLE,HIT,,160.0,120.0,160.0,120.0,0.0,0.0,0.0,0.0,-0.069813169538975
1,3212,SAMPLE,HIT,,160.0,120.0,160.0,120.0,0.0,0.0,0.0,0.0,-0.069813169538975
1,3213,SAMPLE,HIT,,160.0,120.0,160.0,120.0,0.0,0.0,0.0,0.0,-0.069813169538975
1,3214,SAMPLE,HIT,,160.0,120.0,160.0,120.0,0.0,0.0,0.0,0.0,-0.069813169538975
1,3215,SAMPLE,HIT,,160.0,120.0,160.0,120.0,0.0,0.0,0.0,0.0,-0.069813169538975
1,3216,SAMPLE,HIT,,160.0,120.0,160.0,120.0,0.0,0.0,0.0,0.0,-0.069813169538975
1,3217,SAMPLE,HIT,,160.0,120.0,160.0,120.0,0.0,0.0,0.0,0.0,-0.069813169538975
1,3218,SAMPLE,HIT,,160.0,120.0,160.0,120.0,0.0,0.0,0.0,0.0,-0.069813169538975
1,3219,SAMPLE,HIT,,160.0,120.0,160.0,120.0,0.0,0.0,0.0,0.0,-0.069813169538975
1,3220,SAMPLE,HIT,,160.0,120.0,160.0,120.0,0.0,0.0,0.0,0.0,-0.069813169538975
1,3221,SAMPLE,HIT,,160.0,120.0,160.0,120.0,0.0,0.0,0.0,0.0,-0.069813169538975
1,3222,SAMPLE,HIT,,160.0,120.0,160.0,120.0,0.0,0.0,0.0,0.0,-0.069813169538975
1,3223,SAMPLE,HIT,,160.0,120.0,160.0,120.0,0.0,0.0,0.0,0.0,-0.069813169538975
1,3224,SAMPLE,HIT,,160.0,120.0,160.0,120.0,0.0,0.0,0.0,0.0,-0.069813169538975
1,3225,SAMPLE,HIT,,160.0,120.0,160.0,120.0,0.0,0.0,0.0,0.0,-0.069813169538975
1,3226,SAMPLE,HIT,,160.0,120.0,160.0,120.0,0.0,0.0,0.0,0.0,-0.069813169538975
1,3227,SAMPLE,HIT,,160.0,120.0,160.0,120.0,0.0,0.0,0.0,0.0,-0.069813169538975
1,3228,SAMPLE,HIT,,160.0,120.0,160.0,120.0,0.0,0.0,0.0,0.0,-0.069813169538975
1,3229,SAMPLE,HIT,,160.0,120.0,160.0,120.0,0.0,0.0,0.0,0.0,-0.069813169538975
1,3230,SAMPLE,HIT,,160.0,120.0,160.0,120.0,0.0,0.0,0.0,0.0,-0.069813169538975
1,3231,SAMPLE,HIT,,160.0,120.0,160.0,120.0,0.0,0.0,0.0,0.0,-0.069813169538975
1,3232,SAMPLE,HIT,,160.0,120.0,160.0,120.0,0.0,0.0,0.0,0.0,-0.069813169538975
1,3233,SAMPLE,HIT,,160.0,120.0,160.0,120.0,0.0,0.0,0.0,0.0,-0.069813169538975
1,3234,SAMPLE,HIT,,160.0,120.0,160.0,120.0,0.0,0.0,0.0,0.0,-0.069813169538975
1,3235,SAMPLE,HIT,,160.0,120.0,160.0,120.0,0.0,0.0,0.0,0.0,-0.069813169538975
1,3236,SAMPLE,HIT,,160.0,120.0,160.0,120.0,0.0,0.0,0.0,0.0,-0.069813169538975
1,3237,SAMPLE,HIT,,160.0,120.0,160.0,120.0,0.0,0.0,0.0,0.0,-0.069813169538975
1,3238,SAMPLE,HIT,,160.0,120.0,160.0,120.0,0.0,0.0,0.0,0.0,-0.069813169538975
1,3239,SAMPLE,HIT,,160.0,120.0,160.0,120.0,0.0,0.0,0.0,0.0,-0.069813169538975
1,3240,SAMPLE,HIT,,160.0,120.0,160.0,120.0,0.0,0.0,0.0,0.0,-0.069813169538975
1,3241,SAMPLE,HIT,,160.0,120.0,160.0,120.0,0.0,0.0,0.0,0.0,-0.069813169538975
1,3242,SAMPLE,HIT,,160.0,120.0,160.0,120.0,0.0,0.0,0.0,0.0,-0.069813169538975
1,3243,SAMPLE,HIT,,160.0,120.0,160.0,120.0,0.0,0.0,0.0,0.0,-0.069813169538975
1,3244,SAMPLE,HIT,,160.0,120.0,160.0,120.0,0.0,0.0,0.0,0.0,-0.069813169538975
1,3245,SAMPLE,HIT,,160.0,120.0,160.0,120.0,0.0,0.0,0.0,0.0,-0.069813169538975
1,3246,SAMPLE,HIT,,160.0,120.0,160.0,120.0,0.0,0.0,0.0,0.0,-0.069813169538975
1,3247,SAMPLE,HIT,,160.0,120.0,160.0,120.0,0.0,0.0,0.0,0.0,-0.069813169538975
1,3248,SAMPLE,HIT,,160.0,120.0,160.0,120.0,0.0,0.0,0.0,0.0,-0.069813169538975
1,3249,SAMPLE,HIT,,160.0,120.0,160.0,120.0,0.0,0.0,0.0,0.0,-0.069813169538975
1,3250,SAMPLE,HIT,,160.0,120.0,160.0,120.0,0.0,0.0,0.0,0.0,-0.069813169538975
1,3251,SAMPLE,HIT,,160.0,120.0,160.0,120.0,0.0,0.0,0.0,0.0,-0.069813169538975
1,3252,SAMPLE,HIT,,160.0,120.0,160.0,120.0,0.0,0.0,0.0,0.0,-0.069813169538975
1,3253,SAMPLE,HIT,,160.0,120.0,160.0,120.0,0.0,0.0,0.0,0.0,-0.069813169538975
1,3254,SAMPLE,HIT,,160.0,120.0,160.0,120.0,0.0,0.0,0.0,0.0,-0.069813169538975
1,3255,SAMPLE,HIT,,160.0,120.0,160.0,120.0,0.0,0.0,0.0,0.0,-0.069813169538975
1,3256,SAMPLE,HIT,,160.0,120.0,160.0,120.0,0.0,0.0,0.0,0.0,-0.069813169538975
1,3257,SAMPLE,HIT,,160.0,120.0,160.0,120.0,0.0,0.0,0.0,0.0,-0.069813169538975
1,3258,SAMPLE,HIT,,160.0,120.0,160.0,120.0,0.0,0.0,0.0,0.0,-0.069813169538975
1,3259,SAMPLE,HIT,,160.0,120.0,160.0,120.0,0.0,0.0,0.0,0.0,-0.069813169538975
1,3260,SAMPLE,HIT,,160.0,120.0,160.0,120.0,0.0,0.0,0.0,0.0,-0.069813169538975
1,3261,SAMPLE,HIT,,160.0,120.0,160.0,120.0,0.0,0.0,0.0,0.0,-0.069813169538975
1,3262,SAMPLE,HIT,,160.0,120.0,160.0,120.0,0.0,0.0,0.0,0.0,-0.069813169538975
1,3263,SAMPLE,HIT,,160.0,120.0,160.0,120.0,0.0,0.0,0.0,0.0,-0.069813169538975
1,3264,SAMPLE,HIT,,160.0,120.0,160.0,120.0,0.0,0.0,0.0,0.0,-0.069813169538975
1,3265,SAMPLE,HIT,,160.0,120.0,160.0,120.0,0.0,0.0,0.0,0.0,-0.069813169538975
1,3266,SAMPLE,HIT,,160.0,120.0,160.0,120.0,0.0,0.0,0.0,0.0,-0.069813169538975
1,3267,SAMPLE,HIT,,160.0,120.0,160.0,120.0,0.0,0.0,0.0,0.0,-0.069813169538975
1,3268,SAMPLE,HIT,,160.0,120.0,160.0,120.0,0.0,0.0,0.0,0.0,-0.069813169538975
1,3269,SAMPLE,HIT,,160.0,120.0,160.0,120.0,0.0,0.0,0.0,0.0,-0.069813169538975
1,3270,SAMPLE,HIT,,160.0,120.0,160.0,120.0,0.0,0.0,0.0,0.0,-0.069813169538975
1,3271,SAMPLE,HIT,,160.0,120.0,160.0,120.0,0.0,0.0,0.0,0.0,-0.069813169538975
1,3272,SAMPLE,HIT,,160.0,120.0,160.0,120.0,0.0,0.0,0.0,0.0,-0.069813169538975
1,3273,SAMPLE,HIT,,160.0,120.0,160.0,120.0,0.0,0.0,0.0,0.0,-0.069813169538975
1,3274,SAMPLE,HIT,,160.0,120.0,160.0,120.0,0.0,0.0,0.0,0.0,-0.069813169538975
1,3275,SAMPLE,HIT,,160.0,120.0,160.0,120.0,0.0,0.0,0.0,0.0,-0.069813169538975
1,3276,SAMPLE,HIT,,160.0,120.0,160.0,120.0,0.0,0.0,0.0,0.0,-0.069813169538975
1,3277,SAMPLE,HIT,,160.0,120.0,160.0,120.0,0.0,0.0,0.0,0.0,-0.069813169538975
1,3278,SAMPLE,HIT,,160.0,120.0,160.0,120.0,0.0,0.0,0.0,0.0,-0.069813169538975
1,3279,SAMPLE,HIT,,160.0,120.0,160.0,120.0,0.0,0.0,0.0,0.0,-0.069813169538975
1,3280,SAMPLE,HIT,,160.0,120.0,160.0,120.0,0.0,0.0,0.0,0.0,-0.069813169538975
1,3281,SAMPLE,HIT,,160.0,120.0,160.0,120.0,0.0,0.0,0.0,0.0,-0.069813169538975
1,3282,SAMPLE,HIT,,160.0,120.0,160.0,120.0,0.0,0.0,0.0,0.0,-0.069813169538975
1,3283,SAMPLE,HIT,,160.0,120.0,160.0,120.0,0.0,0.0,0.0,0.0,-0.069813169538975
1,3284,SAMPLE,HIT,,160.0,120.0,160.0,120.0,0.0,0.0,0.0,0.0,-0.069813169538975
1,3285,SAMPLE,HIT,,160.0,120.0,160.0,120.0,0.0,0.0,0.0,0.0,-0.069813169538975
1,3286,SAMPLE,HIT,,160.0,120.0,160.0,120.0,0.0,0.0,0.0,0.0,-0.069813169538975
1,3287,SAMPLE,HIT,,160.0,120.0,160.0,120.0,0.0,0.0,0.0,0.0,-0.069813169538975
1,3288,SAMPLE,HIT,,160.0,120.0,160.0,120.0,0.0,0.0,0.0,0.0,-0.069813169538975
1,3289,SAMPLE,HIT,,160.0,120.0,160.0,120.0,0.0,0.0,0.0,0.0,-0.069813169538975
1,3290,SAMPLE,HIT,,160.0,120.0,160.0,120.0,0.0,0.0,0.0,0.0,-0.069813169538975
1,3291,SAMPLE,HIT,,160.0,120.0,160.0,120.0,0.0,0.0,0.0,0.0,-0.069813169538975
1,3292,SAMPLE,HIT,,160.0,120.0,160.0,120.0,0.0,0.0,0.0,0.0,-0.069813169538975
1,3293,SAMPLE,HIT,,160.0,120.0,160.0,120.0,0.0,0.0,0.0,0.0,-0.069813169538975
1,3294,SAMPLE,HIT,,160.0,120.0,160.0,120.0,0.0,0.0,0.0,0.0,-0.069813169538975
1,3295,SAMPLE,HIT,,160.0,120.0,160.0,120.0,0.0,0.0,0.0,0.0,-0.069813169538975
1,3296,SAMPLE,HIT,,160.0,120.0,160.0,120.0,0.0,0.0,0.0,0.0,-0.069813169538975
1,3297,SAMPLE,HIT,,160.0,120.0,160.0,120.0,0.0,0.0,0.0,0.0,-0.069813169538975
1,3298,SAMPLE,HIT,,160.0,120.0,160.0,120.0,0.0,0.0,0.0,0.0,-0.069813169538975
1,3299,SAMPLE,HIT,,160.0,120.0,160.0,120.0,0.0,0.0,0.0,0.0,-0.069813169538975
1,3300,SAMPLE,HIT,,160.0,120.0,160.0,120.0,0.0,0.0,0.0,0.0,-0.069813169538975
1,3301,SAMPLE,HIT,,160.0,120.0,160.0,120.0,0.0,0.0,0.0,0.0,-0.069813169538975
1,3302,SAMPLE,HIT,,160.0,120.0,160.0,120.0,0.0,0.0,0.0,0.0,-0.069813169538975
1,3303,SAMPLE,HIT,,160.0,120.0,160.0,120.0,0.0,0.0,0.0,0.0,-0.069813169538975
1,3304,SAMPLE,HIT,,160.0,120.0,160.0,120.0,0.0,0.0,0.0,0.0,-0.069813169538975
1,3305,SAMPLE,HIT,,160.0,120.0,160.0,120.0,0.0,0.0,0.0,0.0,-0.069813169538975
1,3306,SAMPLE,HIT,,160.0,120.0,160.0,120.0,0.0,0.0,0.0,0.0,-0.069813169538975
1,3307,SAMPLE,HIT,,160.0,120.0,160.0,120.0,0.0,0.0,0.0,0.0,-0.069813169538975
1,3308,SAMPLE,HIT,,160.0,120.0,160.0,120.0,0.0,0.0,0.0,0.0,-0.069813169538975
1,3309,SAMPLE,HIT,,160.0,120.0,160.0,120.0,0.0,0.0,0.0,0.0,-0.069813169538975
1,3310,SAMPLE,HIT,,160.0,120.0,160.0,120.0,0.0,0.0,0.0,0.0,-0.069813169538975
1,3311,SAMPLE,HIT,,160.0,120.0,160.0,120.0,0.0,0.0,0.0,0.0,-0.069813169538975
1,3312,SAMPLE,HIT,,160.0,120.0,160.0,120.0,0.0,0.0,0.0,0.0,-0.069813169538975
1,3313,SAMPLE,HIT,,160.0,120.0,160.0,120.0,0.0,0.0,0.0,0.0,-0.069813169538975
1,3314,SAMPLE,HIT,,160.0,120.0,160.0,120.0,0.0,0.0,0.0,0.0,-0.069813169538975
1,3315,SAMPLE,HIT,,160.0,120.0,160.0,120.0,0.0,0.0,0.0,0.0,-0.069813169538975
1,3316,SAMPLE,HIT,,160.0,120.0,160.0,120.0,0.0,0.0,0.0,0.0,-0.069813169538975
1,3317,SAMPLE,HIT,,160.0,120.0,160.0,120.0,0.0,0.0,0.0,0.0,-0.069813169538975
1,3318,SAMPLE,HIT,,160.0,120.0,160.0,120.0,0.0,0.0,0.0,0.0,-0.069813169538975
1,3319,SAMPLE,HIT,,160.0,120.0,160.0,120.0,0.0,0.0,0.0,0.0,-0.069813169538975
1,3320,SAMPLE,HIT,,160.0,120.0,160.0,120.0,0.0,0.0,0.0,0.0,-0.069813169538975
1,3321,SAMPLE,HIT,,160.0,120.0,160.0,120.0,0.0,0.0,0.0,0.0,-0.069813169538975
1,3322,SAMPLE,HIT,,160.0,120.0,160.0,120.0,0.0,0.0,0.0,0.0,-0.069813169538975
1,3323,SAMPLE,HIT,,160.0,120.0,160.0,120.0,0.0,0.0,0.0,0.0,-0.069813169538975
1,3324,SAMPLE,HIT,,160.0,120.0,160.0,120.0,0.0,0.0,0.0,0.0,-0.069813169538975
1,3325,SAMPLE,HIT,,160.0,120.0,160.0,120.0,0.0,0.0,0.0,0.0,-0.069813169538975
1,3326,SAMPLE,HIT,,160.0,120.0,160.0,120.0,0.0,0.0,0.0,0.0,-0.069813169538975
1,3327,SAMPLE,HIT,,160.0,120.0,160.0,120.0,0.0,0.0,0.0,0.0,-0.069813169538975
1,3328,SAMPLE,HIT,,160.0,120.0,160.0,120.0,0.0,0.0,0.0,0.0,-0.069813169538975
1,3329,SAMPLE,HIT,,160.0,120.0,160.0,120.0,0.0,0.0,0.0,0.0,-0.069813169538975
1,3330,SAMPLE,HIT,,160.0,120.0,160.0,120.0,0.0,0.0,0.0,0.0,-0.069813169538975
1,3331,SAMPLE,HIT,,160.0,120.0,160.0,120.0,0.0,0.0,0.0,0.0,-0.069813169538975
1,3332,SAMPLE,HIT,,160.0,120.0,160.0,120.0,0.0,0.0,0.0,0.0,-0.069813169538975
1,3333,SAMPLE,HIT,,160.0,120.0,160.0,120.0,0.0,0.0,0.0,0.0,-0.069813169538975
1,3334,SAMPLE,HIT,,160.0,120.0,160.0,120.0,0.0,0.0,0.0,0.0,-0.069813169538975
1,3335,SAMPLE,HIT,,160.0,120.0,160.0,120.0,0.0,0.0,0.0,0.0,-0.069813169538975
1,3336,SAMPLE,HIT,,160.0,120.0,160.0,120.0,0.0,0.0,0.0,0.0,-0.069813169538975
1,3337,SAMPLE,HIT,,160.0,120.0,160.0,120.0,0.0,0.0,0.0,0.0,-0.069813169538975
1,3338,SAMPLE,HIT,,160.0,120.0,160.0,120.0,0.0,0.0,0.0,0.0,-0.069813169538975
1,3339,SAMPLE,HIT,,160.0,120.0,160.0,120.0,0.0,0.0,0.0,0.0,-0.069813169538975
1,3340,SAMPLE,HIT,,160.0,120.0,160.0,120.0,0.0,0.0,0.0,0.0,-0.069813169538975
1,3341,SAMPLE,HIT,,160.0,120.0,160.0,120.0,0.0,0.0,0.0,0.0,-0.069813169538975
1,3342,SAMPLE,HIT,,160.0,120.0,160.0,120.0,0.0,0.0,0.0,0.0,-0.069813169538975
1,3343,SAMPLE,HIT,,160.0,120.0,160.0,120.0,0.0,0.0,0.0,0.0,-0.069813169538975
1,3344,SAMPLE,HIT,,160.0,120.0,160.0,120.0,0.0,0.0,0.0,0.0,-0.069813169538975
1,3345,SAMPLE,HIT,,160.0,120.0,160.0,120.0,0.0,0.0,0.0,0.0,-0.069813169538975
1,3346,SAMPLE,HIT,,160.0,120.0,160.0,120.0,0.0,0.0,0.0,0.0,-0.069813169538975
1,3347,SAMPLE,HIT,,160.0,120.0,160.0,120.0,0.0,0.0,0.0,0.0,-0.069813169538975
1,3348,SAMPLE,HIT,,160.0,120.0,160.0,120.0,0.0,0.0,0.0,0.0,-0.069813169538975
1,3349,SAMPLE,HIT,,160.0,120.0,160.0,120.0,0.0,0.0,0.0,0.0,-0.069813169538975
1,3350,SAMPLE,HIT,,160.0,120.0,160.0,120.0,0.0,0.0,0.0,0.0,-0.069813169538975
1,3351,SAMPLE,HIT,,160.0,120.0,160.0,120.0,0.0,0.0,0.0,0.0,-0.069813169538975
1,3352,SAMPLE,HIT,,160.0,120.0,160.0,120.0,0.0,0.0,0.0,0.0,-0.069813169538975
1,3353,SAMPLE,HIT,,160.0,120.0,160.0,120.0,0.0,0.0,0.0,0.0,-0.069813169538975
1,3354,SAMPLE,HIT,,160.0,120.0,160.0,120.0,0.0,0.0,0.0,0.0,-0.069813169538975
1,3355,SAMPLE,HIT,,160.0,120.0,160.0,120.0,0.0,0.0,0.0,0.0,-0.069813169538975
1,3356,SAMPLE,HIT,,160.0,120.0,160.0,120.0,0.0,0.0,0.0,0.0,-0.069813169538975
1,3357,SAMPLE,HIT,,160.0,120.0,160.0,120.0,0.0,0.0,0.0,0.0,-0.069813169538975
1,3358,SAMPLE,HIT,,160.0,120.0,160.0,120.0,0.0,0.0,0.0,0.0,-0.069813169538975
1,3359,SAMPLE,HIT,,160.0,120.0,160.0,120.0,0.0,0.0,0.0,0.0,-0.069813169538975
1,3360,SAMPLE,HIT,,160.0,120.0,160.0,120.0,0.0,0.0,0.0,0.0,-0.069813169538975
